암호화요양기호,요양기관명,종별코드,종별코드명,시도코드,시도코드명,시군구코드,시군구코드명,읍면동,우편번호,주소,전화번호,개설일자,좌표(X),좌표(Y)
JDQ4MTYyMiM2MSMkMSMkMiMkMDMkNDgxMzUxIzMxIyQxIyQzIyQ3OSQzNjE4MzIjNDEjJDEjJDgjJDgz,365열린약국,81,약국,340000,충남,340201,천안서북구,성정동,31109,"충청남도 천안시 서북구 쌍용대로 348, 102호 (성정동)",041-555-2968,2019-10-01 00:00:00,127.1380234,36.8283783
JDQ4MTYyMiM2MSMkMSMkMiMkMDMkNDgxMzUxIzMxIyQxIyQzIyQ5MiQzNjEyMjIjNTEjJDEjJDYjJDgz,6단지약국,81,약국,340000,충남,340201,천안서북구,성정동,31134,"충청남도 천안시 서북구 쌍용대로 292, 금정빌딩 1층 (성정동)",041-592-6800,2022-04-20 00:00:00,127.1371417,36.8233613
JDQ4MTYyMiM2MSMkMSMkMiMkMDMkNDgxMzUxIzUxIyQxIyQxIyQxMyQ0NjEwMDIjNDEjJDEjJDgjJDgz,가까운대학약국,81,약국,340000,충남,340202,천안동남구,봉명동,31151,"충청남도 천안시 동남구 봉명2길 1, 1층 (봉명동)",041-903-9995,2025-04-22 00:00:00,127.1353909,36.8044096
JDQ4MTYyMiM2MSMkMSMkMiMkMDMkMzgxMTkxIzIxIyQxIyQ5IyQ3MiQyNjE0ODEjNTEjJDEjJDIjJDgz,가까운삼성약국,81,약국,340000,충남,340202,천안동남구,봉명동,31151,"충청남도 천안시 동남구 봉명4길 15, 101동 상가동 39호 (봉명동, 봉명역센트럴시티아파트)",041-578-1134,2025-04-30 00:00:00,127.1361516,36.8053662
JDQ4MTYyMiM2MSMkMSMkMiMkMDMkMzgxNzAyIzMxIyQxIyQ3IyQxMyQyNjEyMjIjNjEjJDEjJDgjJDgz,가까운약국,81,약국,340000,충남,340201,천안서북구,쌍용동,31174,"충청남도 천안시 서북구 충무로 125, (쌍용동)",041-578-7524,2015-06-15 00:00:00,127.1214264,36.7928023
JDQ4MTYyMiM2MSMkMSMkMiMkMDMkMzgxMTkxIzUxIyQxIyQ1IyQxMyQyNjEyMjIjNDEjJDEjJDQjJDgz,가나다약국,81,약국,340000,충남,340201,천안서북구,쌍용동,31174,"충청남도 천안시 서북구 충무로 131, (쌍용동)",041-577-7508,2008-07-21 00:00:00,127.1219813,36.7930016
JDQ4MTYyMiM2MSMkMSMkMiMkMDMkMzgxNzAyIzIxIyQxIyQxIyQxMyQyNjEwMDIjNTEjJDEjJDIjJDgz,가람약국,81,약국,340000,충남,340201,천안서북구,성성동,31078,"충청남도 천안시 서북구 성성8로 14-4, 미주타워 105호 (성성동)",041-554-8788,2011-09-02 00:00:00,127.1287295,36.8403761
JDQ4MTYyMiM2MSMkMSMkMiMkMDMkNDgxMzUxIzUxIyQxIyQxIyQ3OSQzNjEyMjIjNDEjJDEjJDgjJDgz,가온약국,81,약국,340000,충남,340202,천안동남구,청수동,31198,"충청남도 천안시 동남구 청수6로 103, 105호 (청수동)",041-418-5032,2024-07-09 00:00:00,127.1552476,36.7891275
JDQ4MTYyMiM2MSMkMSMkMiMkMDMkMzgxMTkxIzUxIyQxIyQxIyQwMyQzNjE4MzIjNzEjJDEjJDgjJDgz,건강누리약국,81,약국,340000,충남,340202,천안동남구,영성동,31130,"충청남도 천안시 동남구 충무로 421, (영성동)",041-621-3366,2007-08-09 00:00:00,127.1519969,36.7986021
JDQ4MTYyMiM2MSMkMSMkMiMkMDMkMzgxNzAyIzUxIyQxIyQ1IyQ2MiQzNjE0ODEjNjEjJDEjJDQjJDgz,건강드림약국,81,약국,340000,충남,340201,천안서북구,두정동,31100,"충청남도 천안시 서북구 부성6길 39-11, (두정동, SM빌딩)",041-563-7557,2016-12-06 00:00:00,127.1379086,36.836574
JDQ4MTYyMiM2MSMkMSMkMiMkMDMkNDgxMzUxIzMxIyQxIyQ3IyQ5OSQzNjEwMDIjNjEjJDEjJDQjJDgz,건강백세약국,81,약국,340000,충남,340202,천안동남구,삼룡동,31071,"충청남도 천안시 동남구 충절로 535-3, 1층 (삼룡동)",571-1532,2003-06-30 00:00:00,127.1777318,36.7765935
JDQ4MTYyMiM2MSMkMSMkMiMkMDMkMzgxOTYxIzQxIyQxIyQ3IyQ4MiQ0NjE0ODEjODEjJDEjJDYjJDgz,건강약국,81,약국,340000,충남,340201,천안서북구,쌍용동,31180,"충청남도 천안시 서북구 충무로 205, (쌍용동)",041-592-3455,2013-05-30 00:00:00,127.1288032,36.7966603
JDQ4MTYyMiM2MSMkMSMkMiMkMDMkNDgxMzUxIzMxIyQyIyQ3IyQwMCQyNjE4MzIjNjEjJDEjJDgjJDgz,건강한이야기가있는다나약국,81,약국,340000,충남,340201,천안서북구,불당동,31156,"충청남도 천안시 서북구 불당23로 70, 정우프라자 117호 (불당동)",041-417-5040,2018-08-21 00:00:00,127.1088025,36.8176272
JDQ4MTYyMiM2MSMkMSMkMiMkMDMkMzgxOTYxIzExIyQxIyQ3IyQxMyQ0NjE0ODEjNTEjJDEjJDIjJDgz,건민약국,81,약국,340000,충남,340202,천안동남구,구성동,31192,"충청남도 천안시 동남구 충무로 488, (구성동, 건민약국)",041-553-6186,1992-01-22 00:00:00,127.159575,36.7984767
JDQ4MTYyMiM2MSMkMSMkMiMkMDMkMzgxNzAyIzUxIyQxIyQ1IyQ4OSQyNjE0ODEjNDEjJDEjJDgjJDgz,공단약국,81,약국,340000,충남,340201,천안서북구,직산읍,31038,"충청남도 천안시 서북구 직산읍 상덕로 59, (직산읍)",041-583-3291,2016-09-01 00:00:00,127.11953,36.8725668
JDQ4MTYyMiM2MSMkMSMkMiMkMDMkMzgxMzUxIzUxIyQxIyQ1IyQ2MiQyNjEyMjIjNTEjJDEjJDIjJDgz,광혜당약국,81,약국,340000,충남,340201,천안서북구,쌍용동,31149,"충청남도 천안시 서북구 봉명로 35, (쌍용동)",041-571-5583,1998-09-15 00:00:00,127.1324603,36.8077028
JDQ4MTYyMiM2MSMkMSMkMiMkMDMkNDgxMzUxIzQxIyQxIyQ3IyQ4OSQyNjE0ODEjNTEjJDEjJDYjJDgz,구름약국,81,약국,340000,충남,340202,천안동남구,신방동,31177,"충청남도 천안시 동남구 서부대로 221, 1층 (신방동, 오케이빌딩)",041-577-3351,2016-12-01 00:00:00,127.1284341,36.788133
JDQ4MTYyMiM2MSMkMSMkMiMkMDMkMzgxMTkxIzMxIyQxIyQ3IyQ5OSQzNjEwMDIjNjEjJDEjJDAjJDgz,구세광해당약국,81,약국,340000,충남,340202,천안동남구,영성동,31132,"충청남도 천안시 동남구 중앙로 66-1, 1층 (영성동)",041-551-6338,2005-05-17 00:00:00,127.1527465,36.804291
JDQ4MTYyMiM2MSMkMSMkMiMkMDMkMzgxMzUxIzMxIyQxIyQzIyQwMyQzNjEyMjIjODEjJDEjJDYjJDgz,국민약국,81,약국,340000,충남,340202,천안동남구,신방동,31184,"충청남도 천안시 동남구 서부대로 226-11, (신방동, 향촌현대아파트)",041-576-1312,1989-08-21 00:00:00,127.1301423,36.7891664
JDQ4MTYyMiM2MSMkMSMkMiMkMDMkMzgxMTkxIzUxIyQxIyQ1IyQ4MiQ0NjE0ODEjNzEjJDEjJDgjJDgz,그린약국,81,약국,340000,충남,340201,천안서북구,쌍용동,31174,"충청남도 천안시 서북구 충무로 133, (쌍용동)",041-576-7576,2008-05-01 00:00:00,127.1222263,36.793159
JDQ4MTYyMiM2MSMkMSMkMiMkMDMkNDgxMzUxIzQxIyQxIyQ3IyQ5MiQyNjEyMjIjNTEjJDEjJDYjJDgz,금강약국,81,약국,340000,충남,340202,천안동남구,신방동,31176,"충청남도 천안시 동남구 신촌4로 34, 금강빌딩 1층 (신방동)",041-575-1777,2024-03-13 00:00:00,127.1251418,36.7891762
JDQ4MTYyMiM2MSMkMSMkMiMkMDMkNDgxMzUxIzQxIyQxIyQ3IyQ5OSQ0NjEwMDIjNjEjJDEjJDAjJDgz,나나약국,81,약국,340000,충남,340201,천안서북구,쌍용동,31155,"충청남도 천안시 서북구 미라15길 23, 상가동 205호 (쌍용동, 대우타워아파트)",041-573-0027,2009-06-09 00:00:00,127.132186,36.8069642
JDQ4MTYyMiM2MSMkMSMkMiMkMDMkMzgxNzAyIzIxIyQxIyQxIyQ2MiQzNjEyMjIjNzEjJDEjJDgjJDgz,나눔약국,81,약국,340000,충남,340201,천안서북구,,31156,"충청남도 천안시 서북구 불당21로 67-26, 107호 (불당동)",041-523-7760,2017-02-07 00:00:00,127.1087327,36.8147888
JDQ4MTYyMiM2MSMkMSMkMiMkMDMkNDgxMzUxIzIxIyQxIyQ1IyQwMyQzNjEwMDIjNDEjJDEjJDQjJDgz,나비약국,81,약국,340000,충남,340201,천안서북구,성정동,31109,"충청남도 천안시 서북구 동서대로 135, 1층 (성정동)",041-556-0406,2020-07-02 00:00:00,127.1383794,36.8261581
JDQ4MTYyMiM2MSMkMSMkMiMkMDMkNDgxMzUxIzMxIyQxIyQzIyQ4MiQ0NjEwMDIjNDEjJDEjJDgjJDgz,남관약국,81,약국,340000,충남,340202,천안동남구,풍세면,31213,"충청남도 천안시 동남구 풍세면 풍세로 465, 1층",041-571-1579,2020-08-19 00:00:00,127.1272676,36.7547339
JDQ4MTYyMiM2MSMkMSMkMiMkMDMkMzgxNzAyIzIxIyQxIyQ1IyQ4MiQzNjE4MzIjNjEjJDEjJDgjJDgz,남산제일약국,81,약국,340000,충남,340202,천안동남구,사직동,31129,"충청남도 천안시 동남구 중앙시장길 2, (사직동, 건영빌딩)",041-523-2569,2012-07-02 00:00:00,127.1490377,36.8006634
JDQ4MTYyMiM2MSMkMSMkMiMkMDMkMzgxNzAyIzMxIyQxIyQ3IyQ4MiQ0NjE0ODEjNTEjJDEjJDYjJDgz,남산중앙약국,81,약국,340000,충남,340202,천안동남구,사직동,31129,"충청남도 천안시 동남구 대흥로 118, (사직동)",041-555-6275,2015-03-26 00:00:00,127.1498864,36.8002228
JDQ4MTYyMiM2MSMkMSMkMiMkMDMkNDgxMzUxIzUxIyQxIyQ1IyQ2MiQ0NjEwMDIjNDEjJDEjJDgjJDgz,누리약국,81,약국,340000,충남,340201,천안서북구,백석동,31096,"충청남도 천안시 서북구 한들1로 34, 더존빌딩 1층 (백석동)",041-411-0031,2025-09-19 00:00:00,127.1161144,36.8254588
JDQ4MTYyMiM2MSMkMSMkMiMkMDMkMzgxNzAyIzExIyQxIyQzIyQ4MiQyNjE4MzIjNjEjJDEjJDAjJDgz,눈사랑약국,81,약국,340000,충남,340202,천안동남구,원성동,31127,"충청남도 천안시 동남구 중앙로 92, 김안과 1층 (원성동)",041-558-3456,2012-04-02 00:00:00,127.1526464,36.806653
JDQ4MTYyMiM2MSMkMSMkMiMkMDMkMzgxNzAyIzIxIyQyIyQ5IyQwMCQ0NjE0ODEjODEjJDEjJDYjJDgz,늘봄약국,81,약국,340000,충남,340202,천안동남구,청당동,31198,"충청남도 천안시 동남구 청수4로 16, 1층 101호 (청당동)",041-565-3351,2017-05-25 00:00:00,127.1528761,36.7832667
JDQ4MTYyMiM2MSMkMSMkMiMkMDMkMzgxMTkxIzQxIyQxIyQ3IyQ2MiQ0NjE0ODEjNDEjJDEjJDQjJDgz,늘사랑약국,81,약국,340000,충남,340202,천안동남구,봉명동,31151,"충청남도 천안시 동남구 순천향4길 50, (봉명동)",041-577-9100,2025-07-04 00:00:00,127.136388,36.8024036
JDQ4MTYyMiM2MSMkMSMkMiMkMDMkMzgxMTkxIzIxIyQyIyQ5IyQwMCQyNjEwMDIjNjEjJDEjJDgjJDgz,다나약국,81,약국,340000,충남,340201,천안서북구,직산읍,31037,"충청남도 천안시 서북구 직산읍 삼은3길 13, 13",041-585-7582,2003-11-10 00:00:00,127.1509814,36.8783065
JDQ4MTYyMiM2MSMkMSMkMiMkMDMkMzgxNzAyIzMxIyQxIyQ3IyQ5OSQzNjEyMjIjODEjJDEjJDIjJDgz,다사랑약국,81,약국,340000,충남,340202,천안동남구,봉명동,31151,"충청남도 천안시 동남구 봉명4길 15, 101동 상가동 37호 (봉명동, 봉명역센트럴시티아파트)",041-579-5900,2014-10-10 00:00:00,127.1361516,36.8053662
JDQ4MTYyMiM2MSMkMSMkMiMkMDMkNDgxMzUxIzUxIyQxIyQ1IyQ3OSQzNjE4MzIjNjEjJDEjJDgjJDgz,다솜약국,81,약국,340000,충남,340202,천안동남구,봉명동,31151,"충청남도 천안시 동남구 순천향4길 60, 1동 103호 (봉명동)",041-417-1001,2025-05-02 00:00:00,127.1373576,36.8028947
JDQ4MTYyMiM2MSMkMSMkMiMkMDMkNDgxMzUxIzUxIyQxIyQxIyQwMyQyNjE0ODEjNDEjJDEjJDgjJDgz,대광약국,81,약국,340000,충남,340202,천안동남구,신부동,31120,"충청남도 천안시 동남구 만남로 43, 신세계백화점충청점,천안종합버스터미널 1층 (신부동)",041-522-1134,2018-07-02 00:00:00,127.156528,36.8207735
JDQ4MTYyMiM2MSMkMSMkMiMkMDMkNDgxMzUxIzMxIyQxIyQzIyQ2MiQyNjEyMjIjODEjJDEjJDYjJDgz,대문약국,81,약국,340000,충남,340202,천안동남구,안서동,31116,"충청남도 천안시 동남구 망향로 185, 1층 (안서동)",041-552-8001,2019-04-23 00:00:00,127.1740153,36.8396858
JDQ4MTYyMiM2MSMkMSMkMiMkMDMkMzgxMzUxIzMxIyQxIyQzIyQ2MiQyNjEwMDIjODEjJDEjJDYjJDgz,대성약국,81,약국,340000,충남,340202,천안동남구,신방동,31184,"충청남도 천안시 동남구 일봉로 8, (신방동, 학산빌딩)",041-574-1444,1961-06-27 00:00:00,127.1294022,36.7933496
JDQ4MTYyMiM2MSMkMSMkMiMkMDMkNDgxMzUxIzMxIyQxIyQzIyQ5MiQyNjE0ODEjNjEjJDEjJDAjJDgz,대은약국,81,약국,340000,충남,340201,천안서북구,성정동,31109,"충청남도 천안시 서북구 동서대로 129, 101호 (성정동, 아이엠빌딩)",041-562-1134,2011-09-30 00:00:00,127.1378027,36.8262114
JDQ4MTYyMiM2MSMkMSMkMiMkMDMkMzgxMzUxIzMxIyQxIyQzIyQ5MiQzNjE4MzIjNDEjJDEjJDQjJDgz,대진약국,81,약국,340000,충남,340202,천안동남구,봉명동,31151,"충청남도 천안시 동남구 봉정로 47, 에이스빌딩 1층 (봉명동)",041-573-5744,2009-11-18 00:00:00,127.139641,36.8064762
JDQ4MTYyMiM2MSMkMSMkMiMkMDMkMzgxMTkxIzUxIyQxIyQxIyQ4MiQyNjE4MzIjNDEjJDEjJDQjJDgz,대학약국,81,약국,340000,충남,340202,천안동남구,안서동,31065,"충청남도 천안시 동남구 망향로 200, (안서동)",041-557-8835,2007-11-12 00:00:00,127.1748818,36.8408474
JDQ4MTYyMiM2MSMkMSMkMiMkMDMkNDgxMzUxIzExIyQxIyQ3IyQwMyQzNjEyMjIjNjEjJDEjJDQjJDgz,대학정문약국,81,약국,340000,충남,340202,천안동남구,봉명동,31151,"충청남도 천안시 동남구 순천향6길 38, 옛골호두과자 1층 (봉명동)",041-572-2022,2018-08-28 00:00:00,127.1353951,36.801634
JDQ4MTYyMiM2MSMkMSMkMiMkMDMkNDgxMzUxIzIxIyQyIyQxIyQwMCQzNjE4MzIjNTEjJDEjJDYjJDgz,대학하나로약국,81,약국,340000,충남,340202,천안동남구,봉명동,31151,"충청남도 천안시 동남구 순천향4길 54, 2동 1층 (봉명동)",041-575-7900,2019-02-07 00:00:00,127.1369147,36.8027087
JDQ4MTYyMiM2MSMkMSMkMiMkMDMkNDgxMzUxIzMxIyQxIyQzIyQ5MiQ0NjE0ODEjNDEjJDEjJDQjJDgz,더맑은약국,81,약국,340000,충남,340201,천안서북구,,31156,"충청남도 천안시 서북구 불당21로 65, 108호 (불당동)",041-907-7347,2022-05-02 00:00:00,127.1073927,36.8130782
JDQ4MTYyMiM2MSMkMSMkMiMkMDMkNDgxMzUxIzUxIyQxIyQ1IyQ4OSQyNjEwMDIjNjEjJDEjJDAjJDgz,더편한약국,81,약국,340000,충남,340202,천안동남구,봉명동,31151,"충청남도 천안시 동남구 천안여상로 25, 1층 (봉명동)",041-577-6958,2025-05-23 00:00:00,127.1350048,36.8045568
JDQ4MTYyMiM2MSMkMSMkMiMkMDMkNDgxMzUxIzExIyQxIyQzIyQ4OSQzNjEwMDIjNDEjJDEjJDQjJDgz,도담약국,81,약국,340000,충남,340202,천안동남구,봉명동,31147,"충청남도 천안시 동남구 쌍용대로 154, 대서양횟집 1층 (봉명동)",041-579-0609,2017-06-01 00:00:00,127.1340238,36.8111032
JDQ4MTYyMiM2MSMkMSMkMiMkMDMkNDgxMzUxIzUxIyQxIyQ1IyQ3OSQyNjE0ODEjODEjJDEjJDYjJDgz,동백약국,81,약국,340000,충남,340202,천안동남구,신부동,31124,"충청남도 천안시 동남구 만남로 90, 1층 (신부동)",041-415-0192,2021-04-09 00:00:00,127.1616329,36.8204935
JDQ4MTYyMiM2MSMkMSMkMiMkMDMkMzgxMTkxIzIxIyQxIyQ5IyQ4MiQyNjEwMDIjODEjJDEjJDIjJDgz,동서당약국,81,약국,340000,충남,340201,천안서북구,성정동,31110,"충청남도 천안시 서북구 성정두정로 12, (성정동)",041-567-8275,2004-02-06 00:00:00,127.1415119,36.8265708
JDQ4MTYyMiM2MSMkMSMkMiMkMDMkMzgxNzAyIzIxIyQxIyQxIyQ5OSQyNjE0ODEjNTEjJDEjJDYjJDgz,동우약국,81,약국,340000,충남,340202,천안동남구,목천읍,31233,"충청남도 천안시 동남구 목천읍 신계1길 41, (동우@상가 104호)",041-555-1295,2010-11-17 00:00:00,127.1934751,36.7721993
JDQ4MTYyMiM2MSMkMSMkMiMkMDMkMzgxMTkxIzExIyQxIyQzIyQ4MiQ0NjE0ODEjNDEjJDEjJDQjJDgz,동행약국,81,약국,340000,충남,340202,천안동남구,신부동,31123,"충청남도 천안시 동남구 만남로 42, 1층 (신부동)",041-551-6626,2019-07-25 00:00:00,127.156893,36.8186205
JDQ4MTYyMiM2MSMkMSMkMiMkMDMkMzgxNzAyIzExIyQxIyQzIyQ2MiQ0NjEwMDIjODEjJDEjJDYjJDgz,두리약국,81,약국,340000,충남,340202,천안동남구,청당동,31211,"충청남도 천안시 동남구 남부대로 346, 1층 (청당동)",041-553-2220,2009-02-02 00:00:00,127.1553655,36.7810585
JDQ4MTYyMiM2MSMkMSMkMiMkMDMkMzgxOTYxIzIxIyQxIyQ1IyQwMyQzNjEyMjIjNDEjJDEjJDgjJDgz,두리이화약국,81,약국,340000,충남,340201,천안서북구,쌍용동,31166,"충청남도 천안시 서북구 쌍용1길 21, 1층 101호 (쌍용동)",041-900-5522,2020-10-13 00:00:00,127.1192222,36.8013837
JDQ4MTYyMiM2MSMkMSMkMiMkMDMkNDgxMzUxIzQxIyQxIyQ3IyQ4MiQyNjE4MzIjNjEjJDEjJDAjJDgz,두정구름약국,81,약국,340000,충남,340201,천안서북구,두정동,31103,"충청남도 천안시 서북구 봉정로 356, 1층 (두정동)",,2024-02-23 00:00:00,127.1458041,36.8335447
JDQ4MTYyMiM2MSMkMSMkMiMkMDMkNDgxMzUxIzUxIyQxIyQ1IyQ2MiQzNjE0ODEjNDEjJDEjJDgjJDgz,두정아름약국,81,약국,340000,충남,340201,천안서북구,두정동,31112,"충청남도 천안시 서북구 천안대로 1024-5, 1층 (두정동)",041-417-6737,2025-09-05 00:00:00,127.152436,36.8334971
JDQ4MTYyMiM2MSMkMSMkMiMkMDMkMzgxMTkxIzIxIyQxIyQ5IyQ5MiQzNjEyMjIjNjEjJDEjJDgjJDgz,두정약국,81,약국,340000,충남,340201,천안서북구,두정동,31106,"충청남도 천안시 서북구 두정로 220, (두정동)",041-567-3344,2004-03-31 00:00:00,127.1414138,36.833259
JDQ4MTYyMiM2MSMkMSMkMiMkMDMkNDgxMzUxIzIxIyQxIyQ5IyQ3OSQzNjE0ODEjNDEjJDEjJDQjJDgz,두정역스타약국,81,약국,340000,충남,340201,천안서북구,두정동,31104,"충청남도 천안시 서북구 두정로 258, 1층 105호 (두정동)",041-551-0365,2020-08-31 00:00:00,127.145739,36.8329799
JDQ4MTYyMiM2MSMkMSMkMiMkMDMkNDgxMzUxIzUxIyQxIyQ1IyQ4MiQyNjEwMDIjNDEjJDEjJDgjJDgz,두정역일번약국,81,약국,340000,충남,340201,천안서북구,두정동,31103,"충청남도 천안시 서북구 두정역서3길 21-12, 102호 (두정동)",041-556-6787,2025-10-21 00:00:00,127.1475777,36.8330958
JDQ4MTYyMiM2MSMkMSMkMiMkMDMkNDgxMzUxIzUxIyQxIyQxIyQxMyQyNjEwMDIjNjEjJDEjJDgjJDgz,두정제일약국,81,약국,340000,충남,340201,천안서북구,두정동,31106,"충청남도 천안시 서북구 두정로 202, 리즈앤마리안클리닉센터 (두정동)",041-551-8807,2018-05-28 00:00:00,127.1393316,36.8334113
JDQ4MTYyMiM2MSMkMSMkMiMkMDMkMzgxMTkxIzExIyQyIyQ3IyQwMCQyNjEyMjIjNjEjJDEjJDQjJDgz,드림약국,81,약국,340000,충남,340202,천안동남구,대흥동,31129,"충청남도 천안시 동남구 대흥로 228, (대흥동, 삼영빌딩)",041-523-5228,2002-11-01 00:00:00,127.1481019,36.8083735
JDQ4MTYyMiM2MSMkMSMkMiMkMDMkNDgxMzUxIzUxIyQxIyQ1IyQxMyQyNjE4MzIjODEjJDEjJDYjJDgz,디노약국,81,약국,340000,충남,340201,천안서북구,불당동,31156,"충청남도 천안시 서북구 불당23로 73-8, 한성필하우스 라드니체 116호 (불당동)",041-900-0202,2026-01-22 00:00:00,127.1097404,36.8180572
JDQ4MTYyMiM2MSMkMSMkMiMkMDMkMzgxOTYxIzExIyQxIyQzIyQ3MiQyNjE0ODEjNDEjJDEjJDgjJDgz,딸기약국,81,약국,340000,충남,340201,천안서북구,성성동,31078,"충청남도 천안시 서북구 성성8로 14-12, 107호 (성성동)",041-566-1493,2019-02-25 00:00:00,127.1297531,36.8403803
JDQ4MTYyMiM2MSMkMSMkMiMkMDMkMzgxNzAyIzUxIyQxIyQ1IyQ4MiQyNjEwMDIjNjEjJDEjJDQjJDgz,라라약국,81,약국,340000,충남,340201,천안서북구,두정동,31090,"충청남도 천안시 서북구 오성6길 4, 102호 (두정동)",041-568-3737,2018-10-22 00:00:00,127.1276148,36.8317807
JDQ4MTYyMiM2MSMkMSMkMiMkMDMkMzgxNzAyIzMxIyQyIyQzIyQwMCQ0NjEwMDIjNTEjJDEjJDYjJDgz,라키아명일약국,81,약국,340000,충남,340202,천안동남구,봉명동,31151,"충청남도 천안시 동남구 봉명4길 8, 1층 (봉명동)",041-579-0008,2024-12-23 00:00:00,127.1380795,36.8042719
JDQ4MTYyMiM2MSMkMSMkMiMkMDMkMzgxMTkxIzIxIyQxIyQ5IyQ5OSQzNjEwMDIjNDEjJDEjJDgjJDgz,레몬약국,81,약국,340000,충남,340201,천안서북구,두정동,31100,"충청남도 천안시 서북구 부성7길 3, (두정동)",041-522-0323,2003-10-30 00:00:00,127.133926,36.8370941
JDQ4MTYyMiM2MSMkMSMkMiMkMDMkMzgxMzUxIzMxIyQxIyQzIyQ4MiQ0NjEwMDIjODEjJDEjJDYjJDgz,로타리약국,81,약국,340000,충남,340202,천안동남구,영성동,31131,"충청남도 천안시 동남구 수선정길 14, (영성동, 로타리약국)",041-551-3886,1972-12-20 00:00:00,127.1504448,36.8034745
JDQ4MTYyMiM2MSMkMSMkMiMkMDMkNDgxMzUxIzIxIyQyIyQ5IyQwMCQzNjEyMjIjODEjJDEjJDIjJDgz,루가약국,81,약국,340000,충남,340201,천안서북구,쌍용동,31174,"충청남도 천안시 서북구 충무로 161, (쌍용동)",041-566-0002,2013-02-28 00:00:00,127.1250616,36.7940588
JDQ4MTYyMiM2MSMkMSMkMiMkMDMkNDgxMzUxIzExIyQxIyQ3IyQ2MiQyNjE4MzIjNDEjJDEjJDgjJDgz,리튼약국,81,약국,340000,충남,340201,천안서북구,백석동,31097,"충청남도 천안시 서북구 백석로 93, 리튼빌딩 1층 (백석동)",041-523-8838,2018-05-09 00:00:00,127.1220444,36.8238851
JDQ4MTYyMiM2MSMkMSMkMiMkMDMkMzgxNzAyIzUxIyQxIyQxIyQ2MiQzNjE0ODEjODEjJDEjJDYjJDgz,마더스약국,81,약국,340000,충남,340201,천안서북구,쌍용동,31180,"충청남도 천안시 서북구 충무로 187, (쌍용동, E 마트)",041-578-7845,2016-02-23 00:00:00,127.1270861,36.795922
JDQ4MTYyMiM2MSMkMSMkMiMkMDMkMzgxOTYxIzQxIyQxIyQ3IyQwMyQzNjE4MzIjNjEjJDEjJDQjJDgz,마음약국,81,약국,340000,충남,340201,천안서북구,쌍용동,31180,"충청남도 천안시 서북구 충무로 211, (쌍용동)",041-555-9956,2016-09-13 00:00:00,127.1292986,36.7969228
JDQ4MTYyMiM2MSMkMSMkMiMkMDMkNDgxMzUxIzExIyQxIyQ3IyQ2MiQzNjE0ODEjNDEjJDEjJDQjJDgz,맘편한약국,81,약국,340000,충남,340201,천안서북구,두정동,31090,"충청남도 천안시 서북구 오성로 1, (두정동)",041-335-3497,2017-08-24 00:00:00,127.1275923,36.8307057
JDQ4MTYyMiM2MSMkMSMkMiMkMDMkNDgxMzUxIzUxIyQxIyQ1IyQwMyQ0NjE0ODEjNTEjJDEjJDIjJDgz,메가센트럴약국,81,약국,340000,충남,340202,천안동남구,봉명동,31151,"충청남도 천안시 동남구 봉명로 58, (봉명동)",041-572-8399,2026-01-06 00:00:00,127.1349102,36.8069431
JDQ4MTYyMiM2MSMkMSMkMiMkMDMkNDgxMzUxIzMxIyQxIyQ3IyQ5MiQzNjE0ODEjNTEjJDEjJDYjJDgz,메디컬약국,81,약국,340000,충남,340202,천안동남구,신방동,31184,"충청남도 천안시 동남구 서부대로 278, 1층 (신방동, 학산TWIN빌딩)",041-578-0183,2017-07-17 00:00:00,127.1294288,36.7930538
JDQ4MTYyMiM2MSMkMSMkMiMkMDMkNDgxMzUxIzMxIyQxIyQzIyQ4OSQyNjE0ODEjNDEjJDEjJDgjJDgz,메디팜백화점약국,81,약국,340000,충남,340202,천안동남구,신부동,31124,"충청남도 천안시 동남구 만남로 64, 1층 104호 (신부동)",041-552-4800,2021-10-12 00:00:00,127.1593265,36.8191481
JDQ4MTYyMiM2MSMkMSMkMiMkMDMkMzgxOTYxIzExIyQxIyQzIyQ2MiQyNjE0ODEjNjEjJDEjJDAjJDgz,명가약국,81,약국,340000,충남,340201,천안서북구,입장면,31055,"충청남도 천안시 서북구 입장면 석재길 3, (입장면)",041-587-1500,2010-02-03 00:00:00,127.2217887,36.9110428
JDQ4MTYyMiM2MSMkMSMkMiMkMDMkMzgxMTkxIzIxIyQxIyQxIyQ3MiQzNjEwMDIjNDEjJDEjJDgjJDgz,명보약국,81,약국,340000,충남,340202,천안동남구,영성동,31132,"충청남도 천안시 동남구 중앙로 50, (영성동, 명보약국)",041-522-8119,2002-08-16 00:00:00,127.1530507,36.8029076
JDQ4MTYyMiM2MSMkMSMkMiMkMDMkMzgxNzAyIzIxIyQxIyQ5IyQ3OSQ0NjE0ODEjNzEjJDEjJDgjJDgz,명진약국,81,약국,340000,충남,340202,천안동남구,안서동,31116,"충청남도 천안시 동남구 망향로 187, (안서동, 영남빌딩)",041-561-2747,2012-11-30 00:00:00,127.1740061,36.8399336
JDQ4MTYyMiM2MSMkMSMkMiMkMDMkMzgxMzUxIzMxIyQxIyQzIyQ5MiQzNjEyMjIjNDEjJDEjJDgjJDgz,모범약국,81,약국,340000,충남,340202,천안동남구,봉명동,31153,"충청남도 천안시 동남구 봉정로 4, (봉명동, 모범약국)",041-572-4829,1974-07-03 00:00:00,127.1397009,36.8027559
JDQ4MTYyMiM2MSMkMSMkMiMkMDMkMzgxNzAyIzIxIyQxIyQxIyQwMyQyNjE0ODEjNzEjJDEjJDgjJDgz,목천약국,81,약국,340000,충남,340202,천안동남구,목천읍,31233,"충청남도 천안시 동남구 목천읍 충절로 921, (시온빌딩)",041-554-1275,2011-07-08 00:00:00,127.2120236,36.7750852
JDQ4MTYyMiM2MSMkMSMkMiMkMDMkNDgxMzUxIzMxIyQxIyQzIyQ5OSQyNjEwMDIjNjEjJDEjJDgjJDgz,목천온누리약국,81,약국,340000,충남,340202,천안동남구,목천읍,31233,"충청남도 천안시 동남구 목천읍 충절로 935-5, 1층 103, 104호",,2019-03-18 00:00:00,127.2131112,36.7758092
JDQ4MTYyMiM2MSMkMSMkMiMkMDMkMzgxOTYxIzMxIyQxIyQ3IyQ3MiQzNjEwMDIjNDEjJDEjJDgjJDgz,목천종로약국,81,약국,340000,충남,340202,천안동남구,목천읍,31233,"충청남도 천안시 동남구 목천읍 충절로 881, 1층",041-523-9414,2010-04-26 00:00:00,127.2083835,36.7727832
JDQ4MTYyMiM2MSMkMSMkMiMkMDMkMzgxNzAyIzMxIyQxIyQzIyQxMyQyNjE0ODEjNTEjJDEjJDYjJDgz,문타워약국,81,약국,340000,충남,340202,천안동남구,신부동,31123,"충청남도 천안시 동남구 만남로 52, 103호 (신부동)",041-522-2927,2014-06-02 00:00:00,127.1578454,36.8186549
JDQ4MTYyMiM2MSMkMSMkMiMkMDMkMzgxOTYxIzUxIyQxIyQ1IyQ4MiQyNjEyMjIjNTEjJDEjJDIjJDgz,미래로약국,81,약국,340000,충남,340202,천안동남구,봉명동,31151,"충청남도 천안시 동남구 봉명4길 15, 102동 상가동 1, 2층 47, 48, 54, 59호 (봉명동, 봉명역센트럴시티아파트)",041-575-3003,2000-10-04 00:00:00,127.1361516,36.8053662
JDQ4MTYyMiM2MSMkMSMkMiMkMDMkMzgxNzAyIzIxIyQxIyQ5IyQwMyQ0NjE0ODEjNjEjJDEjJDQjJDgz,미르온누리약국,81,약국,340000,충남,340202,천안동남구,신방동,31176,"충청남도 천안시 동남구 서부대로 229, 1층 (신방동)",041-578-7540,2013-07-29 00:00:00,127.1284801,36.7887287
JDQ4MTYyMiM2MSMkMSMkMiMkMDMkMzgxNzAyIzUxIyQxIyQxIyQ3MiQzNjEwMDIjNjEjJDEjJDAjJDgz,미소약국,81,약국,340000,충남,340201,천안서북구,성성동,31086,"충청남도 천안시 서북구 번영로 467, 삼성SDI(주) 2층 (성성동)",041-560-3960,2016-03-28 00:00:00,127.11875,36.8433904
JDQ4MTYyMiM2MSMkMSMkMiMkMDMkMzgxNzAyIzMxIyQxIyQ3IyQxMyQzNjEyMjIjODEjJDEjJDYjJDgz,미소팜약국,81,약국,340000,충남,340202,천안동남구,대흥동,31128,"충청남도 천안시 동남구 대흥로 256, (대흥동)",041-552-0082,2015-06-29 00:00:00,127.1487218,36.8106782
JDQ4MTYyMiM2MSMkMSMkMiMkMDMkMzgxNzAyIzIxIyQxIyQ5IyQ5OSQzNjE0ODEjODEjJDEjJDYjJDgz,미원약국,81,약국,340000,충남,340201,천안서북구,쌍용동,31166,"충청남도 천안시 서북구 월봉로 122, (쌍용동)",041-573-4385,2013-02-01 00:00:00,127.1188958,36.8014806
JDQ4MTYyMiM2MSMkMSMkMiMkMDMkNDgxMzUxIzMxIyQxIyQ3IyQ5MiQzNjEwMDIjNDEjJDEjJDgjJDgz,믿음약국,81,약국,340000,충남,340202,천안동남구,원성동,31127,"충청남도 천안시 동남구 충절로 116, 101호 (원성동)",041-903-0309,2023-03-21 00:00:00,127.1581804,36.8085524
JDQ4MTYyMiM2MSMkMSMkMiMkMDMkNDgxMzUxIzExIyQxIyQzIyQ4MiQzNjEyMjIjNjEjJDEjJDAjJDgz,바다약국,81,약국,340000,충남,340201,천안서북구,두정동,31099,"충청남도 천안시 서북구 노태산로 62, (두정동)",041-555-7599,2017-09-25 00:00:00,127.1276165,36.8302838
JDQ4MTYyMiM2MSMkMSMkMiMkMDMkNDgxMzUxIzMxIyQxIyQzIyQ4MiQzNjEyMjIjNjEjJDEjJDgjJDgz,바로약국,81,약국,340000,충남,340202,천안동남구,구성동,31192,"충청남도 천안시 동남구 충절로 278, (구성동)",041-551-3112,2017-03-10 00:00:00,127.1597444,36.7940286
JDQ4MTYyMiM2MSMkMSMkMiMkMDMkNDgxMzUxIzExIyQxIyQzIyQ4MiQyNjEyMjIjNDEjJDEjJDgjJDgz,바른약국,81,약국,340000,충남,340201,천안서북구,불당동,31156,"충청남도 천안시 서북구 불당22대로 92, 132호 (불당동)",041-561-3550,2017-09-21 00:00:00,127.1087183,36.8153477
JDQ4MTYyMiM2MSMkMSMkMiMkMDMkMzgxMTkxIzMxIyQxIyQzIyQxMyQyNjE4MzIjNTEjJDEjJDIjJDgz,밝은미래약국,81,약국,340000,충남,340202,천안동남구,사직동,31129,"충청남도 천안시 동남구 사직로 4, (사직동, 밝은미래약국)",041-565-5006,2006-01-20 00:00:00,127.1497551,36.8004868
JDQ4MTYyMiM2MSMkMSMkMiMkMDMkNDgxMzUxIzQxIyQxIyQ3IyQ5OSQyNjE4MzIjNjEjJDEjJDQjJDgz,밝은약국,81,약국,340000,충남,340202,천안동남구,신부동,31125,"충청남도 천안시 동남구 충절로 23, 1층 (신부동)",041-551-6860,2019-02-08 00:00:00,127.1584983,36.8168386
JDQ4MTYyMiM2MSMkMSMkMiMkMDMkMzgxMTkxIzExIyQxIyQzIyQ2MiQzNjE0ODEjNTEjJDEjJDIjJDgz,백두산옵티마약국,81,약국,340000,충남,340202,천안동남구,병천면,31254,"충청남도 천안시 동남구 병천면 아우내순대길 54, (병천면)",041-561-2594,2001-01-20 00:00:00,127.2997735,36.7623012
JDQ4MTYyMiM2MSMkMSMkMiMkMDMkMzgxOTYxIzQxIyQxIyQ3IyQ3MiQyNjE4MzIjNDEjJDEjJDgjJDgz,백석제일약국,81,약국,340000,충남,340201,천안서북구,백석동,31158,"충청남도 천안시 서북구 백석3로 70, 상가동 105호 (백석동, 주공그린빌11단지3차아파트)",041-900-6325,2002-12-13 00:00:00,127.1187642,36.8199949
JDQ4MTYyMiM2MSMkMSMkMiMkMDMkNDgxMzUxIzIxIyQxIyQxIyQwMyQzNjEyMjIjNDEjJDEjJDgjJDgz,백세약국,81,약국,340000,충남,340201,천안서북구,쌍용동,31175,"충청남도 천안시 서북구 충무로 178, U CITY타워 1층 (쌍용동)",041-573-7034,2019-07-29 00:00:00,127.1269714,36.7943292
JDQ4MTYyMiM2MSMkMSMkMiMkMDMkMzgxOTYxIzUxIyQxIyQxIyQ3MiQ0NjE0ODEjODEjJDEjJDIjJDgz,백제약국,81,약국,340000,충남,340202,천안동남구,신부동,31120,"충청남도 천안시 동남구 만남로 13, (신부동, 태현빌딩)",041-568-3456,2003-08-25 00:00:00,127.1537197,36.8190726
JDQ4MTYyMiM2MSMkMSMkMiMkMDMkMzgxMzUxIzMxIyQxIyQ3IyQ3OSQzNjEwMDIjODEjJDEjJDYjJDgz,백화점약국,81,약국,340000,충남,340202,천안동남구,봉명동,31152,"충청남도 천안시 동남구 봉정로 20, (봉명동, 하나의원)",041-576-8733,1999-05-08 00:00:00,127.1394799,36.8039762
JDQ4MTYyMiM2MSMkMSMkMiMkMDMkNDgxMzUxIzMxIyQxIyQzIyQxMyQ0NjE0ODEjNjEjJDEjJDAjJDgz,버들약국,81,약국,340000,충남,340202,천안동남구,원성동,31126,"충청남도 천안시 동남구 버들로 115-2, 101호 (원성동)",041-414-7884,2022-07-05 00:00:00,127.1593365,36.8065395
JDQ4MTYyMiM2MSMkMSMkMiMkMDMkNDgxMzUxIzIxIyQxIyQxIyQ4OSQzNjEwMDIjNTEjJDEjJDIjJDgz,범약국,81,약국,340000,충남,340201,천안서북구,불당동,31156,"충청남도 천안시 서북구 불당25로 8, 나동 145-1호 (불당동, 불당호반써밋플레이스 센터시티)",0507-1315-2065,2018-11-08 00:00:00,127.1049503,36.8040319
JDQ4MTYyMiM2MSMkMSMkMiMkMDMkMzgxOTYxIzExIyQxIyQzIyQ5OSQzNjEwMDIjNDEjJDEjJDgjJDgz,베데스다병천약국,81,약국,340000,충남,340202,천안동남구,병천면,31254,"충청남도 천안시 동남구 병천면 충절로 1737, (병천면)",041-564-1173,1973-11-22 00:00:00,127.2979928,36.7629472
JDQ4MTYyMiM2MSMkMSMkMiMkMDMkMzgxNzAyIzUxIyQxIyQ1IyQ4MiQzNjEwMDIjODEjJDEjJDIjJDgz,별님온누리약국,81,약국,340000,충남,340201,천안서북구,불당동,31156,"충청남도 천안시 서북구 불당33길 24, 102호 (불당동)",041-555-3764,2017-02-28 00:00:00,127.1082039,36.8124074
JDQ4MTYyMiM2MSMkMSMkMiMkMDMkMzgxNzAyIzIxIyQxIyQ1IyQ3MiQ0NjE0ODEjNzEjJDEjJDgjJDgz,별약국,81,약국,340000,충남,340201,천안서북구,쌍용동,31174,"충청남도 천안시 서북구 충무로 155, 우리척병원 108호 (쌍용동)",070-8770-2080,2025-09-26 00:00:00,127.1245555,36.793903
JDQ4MTYyMiM2MSMkMSMkMiMkMDMkMzgxOTYxIzUxIyQxIyQ1IyQ3MiQzNjEyMjIjODEjJDEjJDIjJDgz,보건약국,81,약국,340000,충남,340202,천안동남구,문화동,31128,"충청남도 천안시 동남구 문화1길 3, 1층 (문화동)",041-907-6663,2020-02-13 00:00:00,127.1508809,36.8082565
JDQ4MTYyMiM2MSMkMSMkMiMkMDMkMzgxMTkxIzIxIyQxIyQxIyQwMyQyNjE4MzIjNjEjJDEjJDgjJDgz,보룡약국,81,약국,340000,충남,340201,천안서북구,두정동,31103,"충청남도 천안시 서북구 봉정로 362, (두정동)",567-3801,2002-10-07 00:00:00,127.1457984,36.8343409
JDQ4MTYyMiM2MSMkMSMkMiMkMDMkNDgxMzUxIzIxIyQxIyQxIyQ5OSQzNjEyMjIjODEjJDEjJDIjJDgz,본약국,81,약국,340000,충남,340201,천안서북구,불당동,31156,"충청남도 천안시 서북구 불당25로 226, 골든스퀘어2 1층 111호 (불당동)",041-557-7588,2018-12-21 00:00:00,127.1099304,36.8212772
JDQ4MTYyMiM2MSMkMSMkMiMkMDMkNDgxMzUxIzIxIyQxIyQxIyQ3OSQzNjEwMDIjNjEjJDEjJDQjJDgz,봄날약국,81,약국,340000,충남,340201,천안서북구,백석동,31091,"충청남도 천안시 서북구 노태산로 73, 102호 (백석동)",041-522-8754,2022-06-10 00:00:00,127.1269959,36.8313915
JDQ4MTYyMiM2MSMkMSMkMiMkMDMkNDgxMzUxIzUxIyQxIyQ1IyQ4OSQzNjEyMjIjNjEjJDEjJDQjJDgz,봄빛약국,81,약국,340000,충남,340201,천안서북구,두정동,31090,"충청남도 천안시 서북구 오성6길 40, 성광빌딩 104호 (두정동)",041-415-0480,2025-06-09 00:00:00,127.1317172,36.8316908
JDQ4MTYyMiM2MSMkMSMkMiMkMDMkNDgxMzUxIzQxIyQxIyQ3IyQ3OSQzNjEwMDIjNzEjJDEjJDgjJDgz,봄약국,81,약국,340000,충남,340201,천안서북구,불당동,31156,"충청남도 천안시 서북구 불당22대로 67, 1층 106호 (불당동)",041-566-4569,2019-04-15 00:00:00,127.1065681,36.8165302
JDQ4MTYyMiM2MSMkMSMkMiMkMDMkNDgxMzUxIzExIyQxIyQ3IyQ3OSQzNjE0ODEjNDEjJDEjJDgjJDgz,봉명우리약국,81,약국,340000,충남,340202,천안동남구,봉명동,31151,"충청남도 천안시 동남구 봉명4길 15, 101동 상가동 31, 32호 (봉명동, 봉명역센트럴시티아파트)",041-571-8802,2025-04-22 00:00:00,127.1361516,36.8053662
JDQ4MTYyMiM2MSMkMSMkMiMkMDMkMzgxNzAyIzExIyQxIyQ3IyQ5OSQzNjEwMDIjODEjJDEjJDIjJDgz,부광약국,81,약국,340000,충남,340201,천안서북구,성정동,31134,"충청남도 천안시 서북구 쌍용대로 296-1, 1층 일부 (성정동)",041-578-6770,2012-09-05 00:00:00,127.1372458,36.8234501
JDQ4MTYyMiM2MSMkMSMkMiMkMDMkNDgxMzUxIzIxIyQxIyQxIyQ5OSQ0NjE0ODEjNjEjJDEjJDAjJDgz,불당설약국,81,약국,340000,충남,340201,천안서북구,,31156,"충청남도 천안시 서북구 불당21로 71, (불당동)",041-556-7445,2019-01-07 00:00:00,127.1081762,36.8129631
JDQ4MTYyMiM2MSMkMSMkMiMkMDMkNDgxMzUxIzUxIyQxIyQ1IyQxMyQzNjE4MzIjNDEjJDEjJDgjJDgz,불당센트럴약국,81,약국,340000,충남,340201,천안서북구,불당동,31163,"충청남도 천안시 서북구 번영로 100, 109호,110호 (불당동)",041-903-2027,2026-01-29 00:00:00,127.1085249,36.8102103
JDQ4MTYyMiM2MSMkMSMkMiMkMDMkMzgxNzAyIzIxIyQxIyQ1IyQ2MiQyNjEyMjIjNDEjJDEjJDgjJDgz,불당아름약국,81,약국,340000,충남,340201,천안서북구,불당동,31156,"충청남도 천안시 서북구 불당33길 34, 105호 (불당동)",041-418-9638,2024-01-19 00:00:00,127.106924,36.8119743
JDQ4MTYyMiM2MSMkMSMkMiMkMDMkNDgxMzUxIzExIyQxIyQ3IyQxMyQ0NjE0ODEjODEjJDEjJDYjJDgz,불당호수약국,81,약국,340000,충남,340201,천안서북구,불당동,31168,"충청남도 천안시 서북구 공원로 176, 천안불당 시티프라디움 3차 3동 B층 202호 (불당동)",041-533-2296,2018-09-11 00:00:00,127.0992362,36.7970961
JDQ4MTYyMiM2MSMkMSMkMiMkMDMkNDgxMzUxIzIxIyQxIyQ1IyQwMyQyNjE4MzIjNTEjJDEjJDYjJDgz,사랑약국,81,약국,340000,충남,340201,천안서북구,쌍용동,31180,"충청남도 천안시 서북구 충무로 201, (쌍용동)",041-579-3335,2014-02-03 00:00:00,127.1282685,36.7962293
JDQ4MTYyMiM2MSMkMSMkMiMkMDMkNDgxMzUxIzMxIyQxIyQ3IyQ4OSQ0NjEwMDIjNDEjJDEjJDgjJDgz,사슴약국,81,약국,340000,충남,340201,천안서북구,쌍용동,31179,"충청남도 천안시 서북구 월봉11길 14, 1층 (쌍용동)",041-566-3806,2022-09-13 00:00:00,127.1171774,36.7889901
JDQ4MTYyMiM2MSMkMSMkMiMkMDMkNDgxMzUxIzIxIyQxIyQxIyQ3OSQzNjEyMjIjNTEjJDEjJDYjJDgz,사직천안종합약국,81,약국,340000,충남,340202,천안동남구,사직동,31129,"충청남도 천안시 동남구 사직로 6, 1동 1층 (사직동)",041-522-8290,2018-10-23 00:00:00,127.1496978,36.8005742
JDQ4MTYyMiM2MSMkMSMkMiMkMDMkMzgxNzAyIzIxIyQxIyQ1IyQwMyQzNjE4MzIjNDEjJDEjJDgjJDgz,삼성약국,81,약국,340000,충남,340201,천안서북구,백석동,31091,"충청남도 천안시 서북구 한들3로 83, 103,104호 (백석동)",041-568-6002,2012-08-20 00:00:00,127.1232884,36.8310826
JDQ4MTYyMiM2MSMkMSMkMiMkMDMkMzgxMzUxIzMxIyQxIyQ3IyQ5OSQyNjE0ODEjNTEjJDEjJDIjJDgz,새로나약국,81,약국,340000,충남,340202,천안동남구,신부동,31125,"충청남도 천안시 동남구 충절로 29, (신부동)",041-551-3367,1981-03-10 00:00:00,127.1585276,36.8164365
JDQ4MTYyMiM2MSMkMSMkMiMkMDMkNDgxMzUxIzExIyQxIyQ3IyQ5MiQ0NjEwMDIjNTEjJDEjJDIjJDgz,새봄약국,81,약국,340000,충남,340202,천안동남구,신방동,31176,"충청남도 천안시 동남구 수곡2길 17-17, (신방동)",041-415-2425,2018-08-05 00:00:00,127.1282562,36.7898936
JDQ4MTYyMiM2MSMkMSMkMiMkMDMkMzgxOTYxIzExIyQxIyQ3IyQxMyQzNjEyMjIjNjEjJDEjJDgjJDgz,새봄온누리약국,81,약국,340000,충남,340202,천안동남구,신방동,31207,"충청남도 천안시 동남구 통정10로 43-27, 1층 (신방동, 영인빌딩)",041-575-8025,2017-08-23 00:00:00,127.1332474,36.7734358
JDQ4MTYyMiM2MSMkMSMkMiMkMDMkNDgxMzUxIzExIyQyIyQzIyQwMCQyNjEyMjIjNDEjJDEjJDQjJDgz,새샘약국,81,약국,340000,충남,340202,천안동남구,신방동,31205,"충청남도 천안시 동남구 통정5로 58, 101호 (신방동)",041-577-1828,2017-07-31 00:00:00,127.133441,36.7742008
JDQ4MTYyMiM2MSMkMSMkMiMkMDMkNDgxMzUxIzExIyQxIyQ3IyQ4OSQ0NjEwMDIjODEjJDEjJDYjJDgz,새싹약국,81,약국,340000,충남,340201,천안서북구,두정동,31104,"충청남도 천안시 서북구 봉정로 324, 근린생활시설 B동 106호 (두정동, 두정역 효성해링턴 플레이스)",041-557-6681,2018-03-12 00:00:00,127.1467703,36.8304117
JDQ4MTYyMiM2MSMkMSMkMiMkMDMkNDgxMzUxIzUxIyQxIyQ1IyQ2MiQzNjEwMDIjODEjJDEjJDYjJDgz,새하얀약국,81,약국,340000,충남,340201,천안서북구,차암동,31085,"충청남도 천안시 서북구 3공단6로 58-8, 천안비즈타워 314호 (차암동)",070-7659-1317,2025-09-08 00:00:00,127.1040302,36.8409674
JDQ4MTYyMiM2MSMkMSMkMiMkMDMkMzgxMTkxIzIxIyQxIyQxIyQ4MiQyNjEyMjIjNTEjJDEjJDYjJDgz,샬롬약국,81,약국,340000,충남,340202,천안동남구,북면,31243,"충청남도 천안시 동남구 북면 충절로 1304, (북면)",041-555-2757,2003-09-29 00:00:00,127.2519516,36.7696687
JDQ4MTYyMiM2MSMkMSMkMiMkMDMkMzgxMTkxIzUxIyQxIyQxIyQ2MiQ0NjEwMDIjNjEjJDEjJDAjJDgz,서부수약국,81,약국,340000,충남,340201,천안서북구,성성동,31078,"충청남도 천안시 서북구 성성8로 14-20, 103호 (성성동)",041-574-8001,2011-06-08 00:00:00,127.1306482,36.8404069
JDQ4MTYyMiM2MSMkMSMkMiMkMDMkMzgxMzUxIzMxIyQxIyQzIyQ5MiQzNjE0ODEjNjEjJDEjJDQjJDgz,서부평화약국,81,약국,340000,충남,340201,천안서북구,쌍용동,31173,"충청남도 천안시 서북구 쌍용16길 41, 101호 (쌍용동)",041-574-2444,1996-11-22 00:00:00,127.121802,36.7975961
JDQ4MTYyMiM2MSMkMSMkMiMkMDMkMzgxOTYxIzUxIyQxIyQ1IyQ5MiQ0NjEwMDIjNzEjJDEjJDgjJDgz,서산약국,81,약국,340000,충남,340202,천안동남구,봉명동,31151,"충청남도 천안시 동남구 순천향4길 50, (봉명동)",041-592-7790,2011-12-23 00:00:00,127.136388,36.8024036
JDQ4MTYyMiM2MSMkMSMkMiMkMDMkMzgxNzAyIzIxIyQxIyQ5IyQ3MiQzNjEwMDIjODEjJDEjJDYjJDgz,서울약국,81,약국,340000,충남,340202,천안동남구,신부동,31123,"충청남도 천안시 동남구 만남로 18, 1층 (신부동, 휴먼빌딩)",041-568-0943,2016-11-03 00:00:00,127.1540122,36.8184252
JDQ4MTYyMiM2MSMkMSMkMiMkMDMkNDgxMzUxIzIxIyQxIyQxIyQxMyQyNjEyMjIjNjEjJDEjJDgjJDgz,서일약국,81,약국,340000,충남,340202,천안동남구,삼룡동,31070,"충청남도 천안시 동남구 충절로 441, 1층 (삼룡동)",041-555-6559,2019-08-23 00:00:00,127.1718517,36.7836047
JDQ4MTYyMiM2MSMkMSMkMiMkMDMkNDgxMzUxIzExIyQxIyQ3IyQwMyQyNjE0ODEjNjEjJDEjJDgjJDgz,서주약국,81,약국,340000,충남,340202,천안동남구,구성동,31191,"충청남도 천안시 동남구 충절로 260, 구성클리닉 1층 (구성동)",041-555-8975,2019-03-04 00:00:00,127.1592103,36.7955567
JDQ4MTYyMiM2MSMkMSMkMiMkMDMkMzgxMTkxIzIxIyQxIyQ5IyQ2MiQyNjEyMjIjNDEjJDEjJDgjJDgz,서진약국,81,약국,340000,충남,340201,천안서북구,성정동,31108,"충청남도 천안시 서북구 서부대로 688, (성정동)",041-568-7447,2003-12-06 00:00:00,127.1335183,36.8284543
JDQ4MTYyMiM2MSMkMSMkMiMkMDMkNDgxMzUxIzUxIyQxIyQ1IyQ5MiQzNjEyMjIjODEjJDEjJDYjJDgz,서해약국,81,약국,340000,충남,340202,천안동남구,신부동,31123,"충청남도 천안시 동남구 만남로 40, (신부동)",557-7005,2012-08-01 00:00:00,127.1566244,36.8186141
JDQ4MTYyMiM2MSMkMSMkMiMkMDMkMzgxOTYxIzMxIyQxIyQ3IyQ5OSQ0NjEwMDIjNDEjJDEjJDgjJDgz,선경약국,81,약국,340000,충남,340202,천안동남구,목천읍,31233,"충청남도 천안시 동남구 목천읍 충절로 767, (목천읍)",041-555-0743,1997-01-04 00:00:00,127.197253,36.7682766
JDQ4MTYyMiM2MSMkMSMkMiMkMDMkMzgxMTkxIzIxIyQyIyQ1IyQwMCQzNjE4MzIjODEjJDEjJDYjJDgz,선우약국,81,약국,340000,충남,340201,천안서북구,두정동,31100,"충청남도 천안시 서북구 서부대로 766, (두정동)",041-621-7755,2003-02-22 00:00:00,127.1339331,36.8356224
JDQ4MTYyMiM2MSMkMSMkMiMkMDMkMzgxOTYxIzExIyQxIyQ3IyQ4OSQzNjE0ODEjNDEjJDEjJDgjJDgz,성거약국,81,약국,340000,충남,340201,천안서북구,성거읍,31044,"충청남도 천안시 서북구 성거읍 성거길 102, (성거읍)",557-6284,2011-09-27 00:00:00,127.2020837,36.874371
JDQ4MTYyMiM2MSMkMSMkMiMkMDMkNDgxMzUxIzExIyQxIyQ3IyQ5MiQyNjEwMDIjNzEjJDEjJDgjJDgz,성모약국,81,약국,340000,충남,340201,천안서북구,쌍용동,31174,"충청남도 천안시 서북구 충무로 167, (쌍용동)",041-579-5507,2007-05-21 00:00:00,127.1256392,36.7944236
JDQ4MTYyMiM2MSMkMSMkMiMkMDMkNDgxOTYxIzExIyQxIyQzIyQ3OSQyNjE4MzIjNDEjJDEjJDgjJDgz,성성노블약국,81,약국,340000,충남,340201,천안서북구,성성동,31078,"충청남도 천안시 서북구 성성8로 2-44, 바루나타워 102호 (성성동)",041-906-7606,2026-03-03 00:00:00,127.1287168,36.8399447
JDQ4MTYyMiM2MSMkMSMkMiMkMDMkMzgxNzAyIzUxIyQxIyQ1IyQ5OSQzNjEwMDIjODEjJDEjJDYjJDgz,성성올리브약국,81,약국,340000,충남,340201,천안서북구,성성동,31078,"충청남도 천안시 서북구 성성8로 2-30, 106호 (성성동)",041-551-3322,2019-08-07 00:00:00,127.1302621,36.8402876
JDQ4MTYyMiM2MSMkMSMkMiMkMDMkNDgxMzUxIzQxIyQxIyQ3IyQxMyQzNjE4MzIjODEjJDEjJDYjJDgz,성성진약국,81,약국,340000,충남,340201,천안서북구,성성동,31078,"충청남도 천안시 서북구 성성8로 2-42, 103호 (성성동)",070-7542-3357,2024-06-04 00:00:00,127.1286674,36.8401835
JDQ4MTYyMiM2MSMkMSMkMiMkMDMkMzgxMTkxIzQxIyQyIyQ3IyQwMCQzNjEyMjIjNjEjJDEjJDgjJDgz,성성하나로약국,81,약국,340000,충남,340201,천안서북구,성성동,31079,"충청남도 천안시 서북구 업성수변로 94, 천안농협북부권종합시설 주건축물 제1동 지하1층 B101호 (성성동)",041-551-2323,2023-05-24 00:00:00,127.1403135,36.8473688
JDQ4MTYyMiM2MSMkMSMkMiMkMDMkNDgxMzUxIzUxIyQxIyQxIyQ5MiQ0NjEwMDIjNzEjJDEjJDgjJDgz,성성호수약국,81,약국,340000,충남,340201,천안서북구,성성동,31078,"충청남도 천안시 서북구 성성8로 2-23, 1층 (성성동)",0507-1417-9054,2025-03-04 00:00:00,127.1304793,36.8397095
JDQ4MTYyMiM2MSMkMSMkMiMkMDMkMzgxOTYxIzExIyQxIyQzIyQ5OSQzNjE0ODEjNTEjJDEjJDIjJDgz,성일약국,81,약국,340000,충남,340201,천안서북구,성환읍,31016,"충청남도 천안시 서북구 성환읍 성환중앙로 36, (성환읍)",041-581-2671,1980-05-12 00:00:00,127.130105,36.917119
JDQ4MTYyMiM2MSMkMSMkMiMkMDMkMzgxMTkxIzMxIyQxIyQzIyQ3OSQ0NjEwMDIjNjEjJDEjJDgjJDgz,성정약국,81,약국,340000,충남,340201,천안서북구,성정동,31134,"충청남도 천안시 서북구 서부3길 67, (성정동)",041-576-6686,2004-07-01 00:00:00,127.1405697,36.824531
JDQ4MTYyMiM2MSMkMSMkMiMkMDMkNDgxMzUxIzIxIyQxIyQxIyQ2MiQyNjEwMDIjNDEjJDEjJDgjJDgz,성정천사약국,81,약국,340000,충남,340201,천안서북구,성정동,31109,"충청남도 천안시 서북구 성정공원1길 9-13, (성정동)",041-555-8169,2019-03-12 00:00:00,127.1378335,36.826474
JDQ4MTYyMiM2MSMkMSMkMiMkMDMkMzgxNzAyIzIxIyQxIyQ1IyQ2MiQyNjE4MzIjODEjJDEjJDYjJDgz,성주약국,81,약국,340000,충남,340201,천안서북구,성정동,31134,"충청남도 천안시 서북구 쌍용대로 316, (성정동)",041-571-0174,2012-04-02 00:00:00,127.1376243,36.8254137
JDQ4MTYyMiM2MSMkMSMkMiMkMDMkMzgxNzAyIzQxIyQxIyQ3IyQ3OSQzNjEyMjIjNDEjJDEjJDQjJDgz,성환녹십자약국,81,약국,340000,충남,340201,천안서북구,성환읍,31016,"충청남도 천안시 서북구 성환읍 성환1로 248, (성환읍)",041-582-6978,2015-07-24 00:00:00,127.128163,36.9169075
JDQ4MTYyMiM2MSMkMSMkMiMkMDMkMzgxNzAyIzUxIyQyIyQxIyQwMCQyNjEwMDIjNzEjJDEjJDgjJDgz,성환문화약국,81,약국,340000,충남,340201,천안서북구,성환읍,31016,"충청남도 천안시 서북구 성환읍 성환12길 26, (성환읍)",041-581-5274,2016-01-18 00:00:00,127.1307498,36.917341
JDQ4MTYyMiM2MSMkMSMkMiMkMDMkMzgxMTkxIzIxIyQxIyQ1IyQ5MiQyNjE0ODEjNDEjJDEjJDgjJDgz,성환온누리약국,81,약국,340000,충남,340201,천안서북구,성환읍,31016,"충청남도 천안시 서북구 성환읍 성환11길 37, (성환읍)",041-585-7588,2008-04-15 00:00:00,127.1320244,36.9166037
JDQ4MTYyMiM2MSMkMSMkMiMkMDMkMzgxMTkxIzIxIyQxIyQxIyQ2MiQzNjEwMDIjNTEjJDEjJDYjJDgz,성환이화약국,81,약국,340000,충남,340201,천안서북구,성환읍,31016,"충청남도 천안시 서북구 성환읍 성환1로 242, (성환읍)",041-581-6941,2002-07-24 00:00:00,127.12828,36.9162513
JDQ4MTYyMiM2MSMkMSMkMiMkMDMkMzgxOTYxIzIxIyQyIyQxIyQwMCQzNjEyMjIjODEjJDEjJDYjJDgz,성환제일약국,81,약국,340000,충남,340201,천안서북구,성환읍,31015,"충청남도 천안시 서북구 성환읍 성환12길 45-8, (성환읍)",041-585-0900,2000-10-04 00:00:00,127.1334622,36.9174697
JDQ4MTYyMiM2MSMkMSMkMiMkMDMkMzgxMTkxIzQxIyQxIyQ3IyQ4MiQyNjE4MzIjNTEjJDEjJDYjJDgz,세계로약국,81,약국,340000,충남,340201,천안서북구,쌍용동,31171,"충청남도 천안시 서북구 월봉로 93, (쌍용동)",577-6770,2011-11-08 00:00:00,127.1179193,36.7989793
JDQ4MTYyMiM2MSMkMSMkMiMkMDMkMzgxNzAyIzUxIyQxIyQ1IyQ5OSQyNjE4MzIjNTEjJDEjJDIjJDgz,세종메디칼약국,81,약국,340000,충남,340202,천안동남구,청당동,31202,"충청남도 천안시 동남구 풍세로 798, 108호 (청당동, 코르지아빌딩)",041-572-0567,2016-10-10 00:00:00,127.1427055,36.7806364
JDQ4MTYyMiM2MSMkMSMkMiMkMDMkMzgxMTkxIzIxIyQxIyQ1IyQxMyQzNjE4MzIjNTEjJDEjJDIjJDgz,세종약국,81,약국,340000,충남,340202,천안동남구,신방동,31184,"충청남도 천안시 동남구 서부대로 276, 101호 (신방동)",041-579-3675,2013-08-12 00:00:00,127.1293072,36.7927026
JDQ4MTYyMiM2MSMkMSMkMiMkMDMkNDgxMzUxIzIxIyQxIyQ1IyQ3OSQzNjE0ODEjNTEjJDEjJDYjJDgz,세훈약국,81,약국,340000,충남,340201,천안서북구,불당동,31168,"충청남도 천안시 서북구 공원로 219, 1층 (불당동)",041-564-7004,2019-09-27 00:00:00,127.1036262,36.8001848
JDQ4MTYyMiM2MSMkMSMkMiMkMDMkMzgxMTkxIzMxIyQxIyQ3IyQ4OSQzNjEyMjIjNjEjJDEjJDQjJDgz,소망약국,81,약국,340000,충남,340201,천안서북구,불당동,31164,"충청남도 천안시 서북구 불당4로 53, 101호 (불당동)",569-6169,2005-04-14 00:00:00,127.1100531,36.806705
JDQ4MTYyMiM2MSMkMSMkMiMkMDMkMzgxMTkxIzMxIyQxIyQ3IyQ4MiQzNjE0ODEjNjEjJDEjJDQjJDgz,소망온누리약국,81,약국,340000,충남,340202,천안동남구,안서동,31066,"충청남도 천안시 동남구 각원사길 54, (안서동, 상명웰빙프라자)",041-554-3005,2005-08-11 00:00:00,127.1779107,36.8308147
JDQ4MTYyMiM2MSMkMSMkMiMkMDMkMzgxNzAyIzIxIyQxIyQ5IyQ2MiQyNjEwMDIjODEjJDEjJDYjJDgz,솔약국,81,약국,340000,충남,340202,천안동남구,병천면,31254,"충청남도 천안시 동남구 병천면 아우내순대길 38, 1층",041-577-2800,2013-03-18 00:00:00,127.2990557,36.7609545
JDQ4MTYyMiM2MSMkMSMkMiMkMDMkMzgxNzAyIzIxIyQxIyQxIyQ3MiQzNjE4MzIjNTEjJDEjJDIjJDgz,수약국,81,약국,340000,충남,340201,천안서북구,성정동,31110,"충청남도 천안시 서북구 성정공원7길 3, 1층 101-2호 (성정동)",041-522-9680,2011-04-06 00:00:00,127.1416821,36.8294229
JDQ4MTYyMiM2MSMkMSMkMiMkMDMkNDgxMzUxIzUxIyQxIyQxIyQ3MiQzNjEyMjIjODEjJDEjJDIjJDgz,수자인약국,81,약국,340000,충남,340202,천안동남구,풍세면,31217,"충청남도 천안시 동남구 풍세면 풍세산단로 290, 상가동 113호 (천안 한양수자인 에코시티)",041-556-6256,2024-12-24 00:00:00,127.1039466,36.7236944
JDQ4MTYyMiM2MSMkMSMkMiMkMDMkMzgxNzAyIzUxIyQxIyQ1IyQwMyQzNjEwMDIjNTEjJDEjJDIjJDgz,수정약국,81,약국,340000,충남,340201,천안서북구,성환읍,31017,"충청남도 천안시 서북구 성환읍 성환1로 228-1, (성환읍)",041-581-3355,2017-03-23 00:00:00,127.1283274,36.9150624
JDQ4MTYyMiM2MSMkMSMkMiMkMDMkNDgxMzUxIzUxIyQxIyQxIyQxMyQyNjE4MzIjNTEjJDEjJDIjJDgz,순천당약국,81,약국,340000,충남,340202,천안동남구,봉명동,31151,"충청남도 천안시 동남구 봉명4길 15, 102동 상가동 지하1, 1층 (봉명동, 봉명역센트럴시티아파트)",041-572-8661,2025-04-14 00:00:00,127.1361516,36.8053662
JDQ4MTYyMiM2MSMkMSMkMiMkMDMkMzgxMTkxIzUxIyQxIyQ1IyQ2MiQ0NjEwMDIjNDEjJDEjJDgjJDgz,순천안약국,81,약국,340000,충남,340202,천안동남구,봉명동,31151,"충청남도 천안시 동남구 봉명4길 15, 101동 상가동 34,35,36호 (봉명동, 봉명역센트럴시티아파트)",041-572-6634,2025-04-18 00:00:00,127.1361516,36.8053662
JDQ4MTYyMiM2MSMkMSMkMiMkMDMkNDgxMzUxIzUxIyQxIyQ1IyQ5MiQzNjE0ODEjNTEjJDEjJDIjJDgz,스마일약국,81,약국,340000,충남,340202,천안동남구,신방동,31205,"충청남도 천안시 동남구 통정5로 68, 103호 (신방동)",041-574-6936,2018-06-01 00:00:00,127.1341757,36.7747712
JDQ4MTYyMiM2MSMkMSMkMiMkMDMkMzgxMzUxIzMxIyQxIyQzIyQ4MiQzNjEwMDIjNjEjJDEjJDgjJDgz,시민약국,81,약국,340000,충남,340202,천안동남구,영성동,31131,"충청남도 천안시 동남구 미나릿길 32-1, (영성동, 시민약국)",041-551-3451,1973-06-08 00:00:00,127.150849,36.801137
JDQ4MTYyMiM2MSMkMSMkMiMkMDMkNDgxMzUxIzUxIyQyIyQxIyQwMCQ0NjE0ODEjNDEjJDEjJDQjJDgz,신방약국,81,약국,340000,충남,340202,천안동남구,신방동,31206,"충청남도 천안시 동남구 풍세로 656, A동 1층 (신방동)",041-579-7580,2018-01-08 00:00:00,127.1349676,36.770424
JDQ4MTYyMiM2MSMkMSMkMiMkMDMkNDgxMzUxIzIxIyQxIyQxIyQ2MiQzNjEwMDIjNjEjJDEjJDAjJDgz,신방종로약국,81,약국,340000,충남,340202,천안동남구,신방동,31176,"충청남도 천안시 동남구 서부대로 245, 신방동새말빌딩 1층 (신방동)",041-533-0825,2014-02-24 00:00:00,127.1285601,36.790077
JDQ4MTYyMiM2MSMkMSMkMiMkMDMkNDgxMzUxIzMxIyQxIyQ3IyQ5OSQzNjEyMjIjNTEjJDEjJDYjJDgz,신불당하나로약국,81,약국,340000,충남,340201,천안서북구,불당동,31156,"충청남도 천안시 서북구 불당25로 200, (불당동, 천안농협)",041-569-1234,2017-09-19 00:00:00,127.109134,36.8188843
JDQ4MTYyMiM2MSMkMSMkMiMkMDMkMzgxMTkxIzMxIyQxIyQzIyQ3OSQzNjEwMDIjNTEjJDEjJDYjJDgz,신비약국,81,약국,340000,충남,340202,천안동남구,신부동,31118,"충청남도 천안시 동남구 터미널9길 25, (신부동, 신비할인마트)",041-565-2113,2004-06-07 00:00:00,127.1554666,36.823179
JDQ4MTYyMiM2MSMkMSMkMiMkMDMkMzgxOTYxIzUxIyQyIyQxIyQwMCQ0NjE0ODEjNTEjJDEjJDYjJDgz,신세계약국,81,약국,340000,충남,340201,천안서북구,성정동,31141,"충청남도 천안시 서북구 성정로 97, (성정동)",041-571-1475,2008-07-10 00:00:00,127.1410337,36.8137852
JDQ4MTYyMiM2MSMkMSMkMiMkMDMkNDgxMzUxIzMxIyQxIyQzIyQ3OSQzNjEyMjIjNTEjJDEjJDIjJDgz,쌍용청솔약국,81,약국,340000,충남,340201,천안서북구,쌍용동,31173,"충청남도 천안시 서북구 불당대로 260, 2층 216-2호 (쌍용동)",041-577-4566,2021-10-01 00:00:00,127.1245364,36.799774
JDQ4MTYyMiM2MSMkMSMkMiMkMDMkMzgxNzAyIzMxIyQxIyQzIyQxMyQ0NjE0ODEjODEjJDEjJDYjJDgz,써니약국,81,약국,340000,충남,340201,천안서북구,성성동,31079,"충청남도 천안시 서북구 성성11길 53, 1층 (성성동)",041-415-1858,2026-01-14 00:00:00,127.1367754,36.8418602
JDQ4MTYyMiM2MSMkMSMkMiMkMDMkNDgxMzUxIzUxIyQxIyQxIyQ3MiQzNjE0ODEjNDEjJDEjJDgjJDgz,아름약국,81,약국,340000,충남,340202,천안동남구,안서동,31116,"충청남도 천안시 동남구 망향로 189, 102호 (안서동)",041-565-3777,2022-10-21 00:00:00,127.1741104,36.840088
JDQ4MTYyMiM2MSMkMSMkMiMkMDMkMzgxMTkxIzMxIyQxIyQzIyQ3MiQzNjE0ODEjNDEjJDEjJDgjJDgz,아우내약국,81,약국,340000,충남,340202,천안동남구,병천면,31254,"충청남도 천안시 동남구 병천면 아우내장터3길 4, (병천면)",041-564-1456,2016-12-19 00:00:00,127.2985574,36.7614281
JDQ4MTYyMiM2MSMkMSMkMiMkMDMkNDgxMzUxIzMxIyQxIyQ3IyQ5OSQyNjE4MzIjODEjJDEjJDYjJDgz,아이미소약국,81,약국,340000,충남,340201,천안서북구,불당동,31156,"충청남도 천안시 서북구 불당33길 1, 103-2호 (불당동)",041-558-3351,2019-04-01 00:00:00,127.1069713,36.810453
JDQ4MTYyMiM2MSMkMSMkMiMkMDMkNDgxMzUxIzIxIyQxIyQxIyQxMyQ0NjEwMDIjNTEjJDEjJDYjJDgz,아이행복약국,81,약국,340000,충남,340201,천안서북구,불당동,31156,"충청남도 천안시 서북구 불당25로 208, 111호 (불당동)",041-558-1044,2019-09-20 00:00:00,127.109416,36.8196153
JDQ4MTYyMiM2MSMkMSMkMiMkMDMkNDgxMzUxIzUxIyQxIyQ1IyQ3OSQzNjE0ODEjNDEjJDEjJDgjJDgz,야우리약국,81,약국,340000,충남,340202,천안동남구,봉명동,31151,"충청남도 천안시 동남구 천안여상로 55, (봉명동)",041-415-0269,2025-04-30 00:00:00,127.1381812,36.8035073
JDQ4MTYyMiM2MSMkMSMkMiMkMDMkMzgxOTYxIzExIyQxIyQ3IyQwMyQ0NjEwMDIjNTEjJDEjJDYjJDgz,약손약국,81,약국,340000,충남,340201,천안서북구,,31156,"충청남도 천안시 서북구 불당21로 67-18, (불당동)",041-569-3007,2020-01-23 00:00:00,127.1085045,36.8140496
JDQ4MTYyMiM2MSMkMSMkMiMkMDMkNDgxMzUxIzQxIyQxIyQ3IyQ4MiQyNjE0ODEjNDEjJDEjJDQjJDgz,에덴약국,81,약국,340000,충남,340201,천안서북구,성정동,31133,"충청남도 천안시 서북구 쌍용대로 293, (성정동)",041-579-5475,2011-01-03 00:00:00,127.1364962,36.8235807
JDQ4MTYyMiM2MSMkMSMkMiMkMDMkMzgxNzAyIzMxIyQxIyQ3IyQ5MiQ0NjE0ODEjNDEjJDEjJDgjJDgz,엘림약국,81,약국,340000,충남,340202,천안동남구,청당동,31198,"충청남도 천안시 동남구 청수14로 56, 102호 (청당동)",041-555-6768,2015-05-04 00:00:00,127.1526084,36.7839278
JDQ4MTYyMiM2MSMkMSMkMiMkMDMkMzgxOTYxIzIxIyQxIyQxIyQ2MiQyNjEwMDIjNjEjJDEjJDQjJDgz,연세약국,81,약국,340000,충남,340202,천안동남구,구성동,31194,"충청남도 천안시 동남구 청수로 138, (구성동)",041-558-0100,2009-07-01 00:00:00,127.1592755,36.7941586
JDQ4MTYyMiM2MSMkMSMkMiMkMDMkMzgxOTYxIzExIyQyIyQ3IyQwMCQyNjEyMjIjNDEjJDEjJDQjJDgz,열린약국,81,약국,340000,충남,340201,천안서북구,쌍용동,31166,"충청남도 천안시 서북구 불당대로 269, 118,119호 (쌍용동)",041-571-7203,1995-10-02 00:00:00,127.1259425,36.800283
JDQ4MTYyMiM2MSMkMSMkMiMkMDMkMzgxNzAyIzIxIyQxIyQ1IyQ5MiQ0NjEwMDIjNDEjJDEjJDQjJDgz,예진약국,81,약국,340000,충남,340201,천안서북구,성정동,31109,"충청남도 천안시 서북구 성정두정로 1, 롯데마트 성정점 3층 (성정동)",041-622-5001,2020-01-10 00:00:00,127.1400903,36.8262797
JDQ4MTYyMiM2MSMkMSMkMiMkMDMkMzgxMzUxIzMxIyQyIyQzIyQwMCQ0NjEwMDIjNzEjJDEjJDgjJDgz,오단지약국,81,약국,340000,충남,340201,천안서북구,성정동,31146,"충청남도 천안시 서북구 성정로 82, (성정동)",041-574-2333,1983-08-13 00:00:00,127.1391883,36.8135316
JDQ4MTYyMiM2MSMkMSMkMiMkMDMkMzgxMTkxIzMxIyQyIyQzIyQwMCQzNjE0ODEjNzEjJDEjJDgjJDgz,온누리약국,81,약국,340000,충남,340201,천안서북구,두정동,31090,"충청남도 천안시 서북구 두정로 104, (두정동)",041-522-5620,2010-11-08 00:00:00,127.1283423,36.8337376
JDQ4MTYyMiM2MSMkMSMkMiMkMDMkMzgxOTYxIzExIyQxIyQzIyQ4MiQyNjE4MzIjNTEjJDEjJDYjJDgz,온누리영신약국,81,약국,340000,충남,340202,천안동남구,원성동,31187,"충청남도 천안시 동남구 고재20길 3, (원성동, 온누리약국)",041-567-7157,1993-03-10 00:00:00,127.1593415,36.8037284
JDQ4MTYyMiM2MSMkMSMkMiMkMDMkMzgxMzUxIzMxIyQxIyQzIyQ2MiQyNjE0ODEjNDEjJDEjJDgjJDgz,온누리유명약국,81,약국,340000,충남,340202,천안동남구,구성동,31193,"충청남도 천안시 동남구 충절로 281, (구성동, 서울안과)",041-564-9700,2007-09-06 00:00:00,127.1603923,36.7939938
JDQ4MTYyMiM2MSMkMSMkMiMkMDMkNDgxMzUxIzIxIyQxIyQ1IyQ5OSQzNjEyMjIjNjEjJDEjJDAjJDgz,온사랑약국,81,약국,340000,충남,340202,천안동남구,신방동,31184,"충청남도 천안시 동남구 일봉로 8, 학산빌딩 1층 103호 (신방동)",041-579-6866,2019-11-29 00:00:00,127.1294022,36.7933496
JDQ4MTYyMiM2MSMkMSMkMiMkMDMkMzgxNzAyIzMxIyQxIyQ3IyQ4OSQyNjEyMjIjODEjJDEjJDIjJDgz,올리브약국,81,약국,340000,충남,340201,천안서북구,성환읍,31019,"충청남도 천안시 서북구 성환읍 연암율금로 508, 103호",041-583-5490,2017-02-28 00:00:00,127.1341341,36.9111581
JDQ4MTYyMiM2MSMkMSMkMiMkMDMkMzgxNzAyIzIxIyQxIyQ1IyQ4MiQyNjE4MzIjNTEjJDEjJDYjJDgz,올바른온누리약국,81,약국,340000,충남,340201,천안서북구,직산읍,31037,"충청남도 천안시 서북구 직산읍 봉주로 64, 101호",041-414-3131,2023-03-21 00:00:00,127.1537593,36.8771042
JDQ4MTYyMiM2MSMkMSMkMiMkMDMkMzgxNzAyIzUxIyQxIyQxIyQ2MiQzNjEyMjIjNjEjJDEjJDQjJDgz,옵티마사과약국,81,약국,340000,충남,340202,천안동남구,신부동,31118,"충청남도 천안시 동남구 방죽안2길 1, (신부동)",041-561-8700,2016-02-26 00:00:00,127.1524783,36.8217882
JDQ4MTYyMiM2MSMkMSMkMiMkMDMkMzgxMTkxIzUxIyQxIyQ1IyQ3MiQyNjEwMDIjNTEjJDEjJDIjJDgz,왕약국,81,약국,340000,충남,340201,천안서북구,입장면,31055,"충청남도 천안시 서북구 입장면 하장4길 8, (입장면)",041-585-5053,2008-03-17 00:00:00,127.2214691,36.914473
JDQ4MTYyMiM2MSMkMSMkMiMkMDMkNDgxMzUxIzIxIyQxIyQ1IyQ4OSQ0NjE0ODEjNTEjJDEjJDYjJDgz,용암동아약국,81,약국,340000,충남,340201,천안서북구,쌍용동,31166,"충청남도 천안시 서북구 월봉로 132, 103호 (쌍용동)",041-574-5200,2015-02-16 00:00:00,127.1190893,36.8023638
JDQ4MTYyMiM2MSMkMSMkMiMkMDMkNDgxMzUxIzMxIyQxIyQ3IyQ5OSQzNjE0ODEjNzEjJDEjJDgjJDgz,용암약국,81,약국,340000,충남,340201,천안서북구,쌍용동,31166,"충청남도 천안시 서북구 월봉로 134, (쌍용동, 리치프라자)",070-4240-7098,2016-11-07 00:00:00,127.1191325,36.8025838
JDQ4MTYyMiM2MSMkMSMkMiMkMDMkMzgxMzUxIzMxIyQxIyQ3IyQ4OSQzNjE0ODEjODEjJDEjJDIjJDgz,용약국,81,약국,340000,충남,340202,천안동남구,성황동,31128,"충청남도 천안시 동남구 대흥로 274, (성황동)",041-565-3798,1982-05-31 00:00:00,127.1491734,36.8122796
JDQ4MTYyMiM2MSMkMSMkMiMkMDMkNDgxMzUxIzExIyQxIyQzIyQ2MiQyNjEwMDIjODEjJDEjJDYjJDgz,우리들약국,81,약국,340000,충남,340201,천안서북구,백석동,31097,"충청남도 천안시 서북구 한들3로 9, (백석동, 서울우리병원)",070-8806-4530,2017-08-04 00:00:00,127.1234641,36.8242886
JDQ4MTYyMiM2MSMkMSMkMiMkMDMkNDgxMzUxIzMxIyQxIyQ3IyQwMyQyNjEyMjIjNjEjJDEjJDAjJDgz,우리아이약국,81,약국,340000,충남,340202,천안동남구,신부동,31123,"충청남도 천안시 동남구 만남로 50, 1층 104호 (신부동, 터미널프라자)",041-555-0103,2016-09-05 00:00:00,127.1576124,36.8186482
JDQ4MTYyMiM2MSMkMSMkMiMkMDMkNDgxMzUxIzMxIyQxIyQ3IyQ2MiQzNjEyMjIjODEjJDEjJDIjJDgz,우리약국,81,약국,340000,충남,340201,천안서북구,성정동,31134,"충청남도 천안시 서북구 쌍용대로 318, (성정동)",041-592-5029,2014-02-05 00:00:00,127.1376959,36.8256132
JDQ4MTYyMiM2MSMkMSMkMiMkMDMkMzgxMTkxIzExIyQxIyQ3IyQ4MiQyNjEyMjIjNzEjJDEjJDgjJDgz,우리정문약국,81,약국,340000,충남,340202,천안동남구,봉명동,31151,"충청남도 천안시 동남구 천안여상로 53, 1, 2층 (봉명동)",041-415-1041,2025-04-09 00:00:00,127.138032,36.8036209
JDQ4MTYyMiM2MSMkMSMkMiMkMDMkNDgxMzUxIzIxIyQxIyQ5IyQ4OSQyNjE4MzIjODEjJDEjJDYjJDgz,우리집약국,81,약국,340000,충남,340201,천안서북구,직산읍,31031,"충청남도 천안시 서북구 직산읍 군수1길 1, (직산읍)",041-585-1145,2015-01-23 00:00:00,127.1370955,36.8939029
JDQ4MTYyMiM2MSMkMSMkMiMkMDMkMzgxOTYxIzMxIyQxIyQ3IyQ4OSQ0NjE0ODEjNjEjJDEjJDgjJDgz,우정약국,81,약국,340000,충남,340201,천안서북구,백석동,31098,"충청남도 천안시 서북구 한들3로 30, 104a호 (백석동)",041-555-6209,2018-09-20 00:00:00,127.1238968,36.8265044
JDQ4MTYyMiM2MSMkMSMkMiMkMDMkMzgxOTYxIzExIyQxIyQ3IyQ5MiQyNjEyMjIjODEjJDEjJDYjJDgz,원마트약국,81,약국,340000,충남,340201,천안서북구,백석동,31094,"충청남도 천안시 서북구 음봉로 909-11, (백석동)",041-584-2234,1999-11-15 00:00:00,127.1062038,36.8250879
JDQ4MTYyMiM2MSMkMSMkMiMkMDMkMzgxNzAyIzQxIyQxIyQ3IyQ5OSQyNjE4MzIjNDEjJDEjJDQjJDgz,원앙약국,81,약국,340000,충남,340202,천안동남구,목천읍,31226,"충청남도 천안시 동남구 목천읍 삼성5길 19, (비호무도아카데미)",041-568-9311,2015-09-14 00:00:00,127.1745054,36.761015
JDQ4MTYyMiM2MSMkMSMkMiMkMDMkMzgxMTkxIzMxIyQxIyQ3IyQxMyQ0NjE0ODEjNDEjJDEjJDQjJDgz,위드유약국,81,약국,340000,충남,340201,천안서북구,불당동,31156,"충청남도 천안시 서북구 불당34길 18, 1층 108호 (불당동)",041-555-6386,2018-07-26 00:00:00,127.1064318,36.8064529
JDQ4MTYyMiM2MSMkMSMkMiMkMDMkMzgxMTkxIzExIyQyIyQ3IyQwMCQ0NjE0ODEjNjEjJDEjJDAjJDgz,윤약국,81,약국,340000,충남,340201,천안서북구,성성동,31086,"충청남도 천안시 서북구 번영로 465, 복지동 2층 (성성동)",041-599-4999,2013-06-25 00:00:00,127.1188281,36.8417602
JDQ4MTYyMiM2MSMkMSMkMiMkMDMkNDgxMzUxIzIxIyQxIyQxIyQ2MiQzNjE0ODEjNjEjJDEjJDgjJDgz,윤정약국,81,약국,340000,충남,340202,천안동남구,신방동,31175,"충청남도 천안시 동남구 서부대로 293, (신방동)",041-415-2445,2022-08-17 00:00:00,127.1277962,36.7937223
JDQ4MTYyMiM2MSMkMSMkMiMkMDMkNDgxMzUxIzUxIyQxIyQxIyQ4OSQzNjE0ODEjNTEjJDEjJDIjJDgz,은하수약국,81,약국,340000,충남,340201,천안서북구,성거읍,31045,"충청남도 천안시 서북구 성거읍 수청2길 21, 1층 102호",041-903-9646,2024-08-12 00:00:00,127.202261,36.8762726
JDQ4MTYyMiM2MSMkMSMkMiMkMDMkNDgxMzUxIzUxIyQxIyQxIyQwMyQyNjEyMjIjNzEjJDEjJDgjJDgz,이층약국,81,약국,340000,충남,340201,천안서북구,직산읍,31031,"충청남도 천안시 서북구 직산읍 천안대로 1732, (직산읍)",041-583-3525,1996-07-13 00:00:00,127.1374725,36.8935665
JDQ4MTYyMiM2MSMkMSMkMiMkMDMkMzgxMTkxIzQxIyQxIyQ3IyQ3MiQzNjE4MzIjODEjJDEjJDYjJDgz,이튼약국,81,약국,340000,충남,340202,천안동남구,신부동,31123,"충청남도 천안시 동남구 만남로 28, 천안문빌딩 104호 (신부동)",041-566-5225,2006-06-28 00:00:00,127.1552443,36.8185466
JDQ4MTYyMiM2MSMkMSMkMiMkMDMkNDgxMzUxIzIxIyQxIyQ5IyQ3OSQyNjE4MzIjNDEjJDEjJDgjJDgz,이화약국,81,약국,340000,충남,340201,천안서북구,성성동,31078,"충청남도 천안시 서북구 성성9로 7, 1층 105호 (성성동)",041-555-5559,2019-02-14 00:00:00,127.1312324,36.8402188
JDQ4MTYyMiM2MSMkMSMkMiMkMDMkMzgxNzAyIzIxIyQxIyQxIyQ2MiQ0NjE0ODEjNTEjJDEjJDYjJDgz,일등약국,81,약국,340000,충남,340202,천안동남구,봉명동,31151,"충청남도 천안시 동남구 봉명4길 15, 101동 상가동 38호 (봉명동, 봉명역센트럴시티아파트)",041-571-1178,2025-04-17 00:00:00,127.1361516,36.8053662
JDQ4MTYyMiM2MSMkMSMkMiMkMDMkNDgxMzUxIzIxIyQxIyQ5IyQ2MiQzNjE4MzIjNTEjJDEjJDYjJDgz,일등온누리약국,81,약국,340000,충남,340201,천안서북구,성거읍,31045,"충청남도 천안시 서북구 성거읍 성거길 103, 105호",041-577-8188,2015-06-01 00:00:00,127.2008218,36.8749309
JDQ4MTYyMiM2MSMkMSMkMiMkMDMkMzgxMTkxIzIxIyQxIyQ5IyQwMyQzNjEwMDIjNjEjJDEjJDQjJDgz,입장메디칼약국,81,약국,340000,충남,340201,천안서북구,입장면,31055,"충청남도 천안시 서북구 입장면 입장로 130, (입장면)",041-584-1007,2004-04-30 00:00:00,127.2217748,36.9124348
JDQ4MTYyMiM2MSMkMSMkMiMkMDMkNDgxMzUxIzMxIyQxIyQzIyQ4MiQzNjEwMDIjODEjJDEjJDIjJDgz,입장백약국,81,약국,340000,충남,340201,천안서북구,입장면,31055,"충청남도 천안시 서북구 입장면 입장로 128, 1층",041-582-7540,2022-03-25 00:00:00,127.2221116,36.9124857
JDQ4MTYyMiM2MSMkMSMkMiMkMDMkMzgxMTkxIzUxIyQxIyQ1IyQ4OSQzNjEyMjIjNjEjJDEjJDAjJDgz,입장정든약국,81,약국,340000,충남,340201,천안서북구,입장면,31054,"충청남도 천안시 서북구 입장면 성진로 714, (입장면)",041-585-5502,2007-11-15 00:00:00,127.2103136,36.912663
JDQ4MTYyMiM2MSMkMSMkMiMkMDMkMzgxMTkxIzIxIyQxIyQ1IyQwMyQzNjEyMjIjNzEjJDEjJDgjJDgz,입장제일약국,81,약국,340000,충남,340201,천안서북구,입장면,31055,"충청남도 천안시 서북구 입장면 입장로 141, (입장면)",041-584-6757,2003-06-24 00:00:00,127.2219238,36.9138893
JDQ4MTYyMiM2MSMkMSMkMiMkMDMkMzgxNzAyIzUxIyQxIyQ1IyQwMyQzNjE4MzIjODEjJDEjJDYjJDgz,자연을담은약국,81,약국,340000,충남,340201,천안서북구,불당동,31156,"충청남도 천안시 서북구 불당33길 18, (불당동)",041-415-0155,2017-03-31 00:00:00,127.1080081,36.8115949
JDQ4MTYyMiM2MSMkMSMkMiMkMDMkMzgxNzAyIzMxIyQxIyQzIyQxMyQ0NjEwMDIjNzEjJDEjJDgjJDgz,자인약국,81,약국,340000,충남,340201,천안서북구,두정동,31090,"충청남도 천안시 서북구 오성로 51, (두정동)",041-551-7137,2014-07-16 00:00:00,127.1330062,36.8305808
JDQ4MTYyMiM2MSMkMSMkMiMkMDMkMzgxNzAyIzUxIyQxIyQxIyQ5OSQ0NjE0ODEjNzEjJDEjJDgjJDgz,장수약국,81,약국,340000,충남,340202,천안동남구,병천면,31254,"충청남도 천안시 동남구 병천면 아우내장터3길 15, (병천면)",041-553-0758,2016-01-12 00:00:00,127.2973881,36.7615855
JDQ4MTYyMiM2MSMkMSMkMiMkMDMkMzgxNzAyIzExIyQxIyQ3IyQ4MiQ0NjEwMDIjNDEjJDEjJDQjJDgz,정다운온누리약국,81,약국,340000,충남,340202,천안동남구,신방동,31176,"충청남도 천안시 동남구 서부대로 285, 104호 (신방동)",574-5582,2010-04-27 00:00:00,127.1281705,36.7933555
JDQ4MTYyMiM2MSMkMSMkMiMkMDMkNDgxMzUxIzIxIyQxIyQ1IyQxMyQzNjEyMjIjNjEjJDEjJDQjJDgz,정든약국,81,약국,340000,충남,340201,천안서북구,성환읍,31016,"충청남도 천안시 서북구 성환읍 성환2로 93, 영마트 1층",041-581-5572,2016-09-12 00:00:00,127.1320611,36.9155968
JDQ4MTYyMiM2MSMkMSMkMiMkMDMkNDgxMzUxIzUxIyQxIyQ1IyQ5MiQzNjEwMDIjNDEjJDEjJDgjJDgz,정문약국,81,약국,340000,충남,340202,천안동남구,안서동,31116,"충청남도 천안시 동남구 망향로 189, 정문약국 1층 (안서동)",041-561-6200,2018-05-30 00:00:00,127.1741104,36.840088
JDQ4MTYyMiM2MSMkMSMkMiMkMDMkMzgxMzUxIzMxIyQxIyQ3IyQ3OSQyNjEwMDIjNjEjJDEjJDgjJDgz,정약국,81,약국,340000,충남,340201,천안서북구,쌍용동,31171,"충청남도 천안시 서북구 월봉로 89, (쌍용동)",041-576-5553,1999-01-19 00:00:00,127.1179468,36.7987149
JDQ4MTYyMiM2MSMkMSMkMiMkMDMkMzgxNzAyIzIxIyQxIyQ5IyQ4OSQyNjEwMDIjNzEjJDEjJDgjJDgz,조아약국,81,약국,340000,충남,340201,천안서북구,백석동,31087,"충청남도 천안시 서북구 삼성대로 20, 3층 (백석동)",041-564-2230,2012-12-04 00:00:00,127.1224038,36.838582
JDQ4MTYyMiM2MSMkMSMkMiMkMDMkMzgxNzAyIzExIyQxIyQ3IyQxMyQyNjE0ODEjODEjJDEjJDIjJDgz,조약국,81,약국,340000,충남,340201,천안서북구,쌍용동,31173,"충청남도 천안시 서북구 불당대로 268, 1층 (쌍용동)",041-578-5818,2010-07-01 00:00:00,127.1256519,36.7998012
JDQ4MTYyMiM2MSMkMSMkMiMkMDMkMzgxOTYxIzMxIyQxIyQ3IyQ4MiQzNjEwMDIjODEjJDEjJDIjJDgz,조은약국,81,약국,340000,충남,340202,천안동남구,봉명동,31145,"충청남도 천안시 동남구 봉정로 64, 1층 (봉명동)",041-558-1588,2003-06-16 00:00:00,127.1404908,36.8078126
JDQ4MTYyMiM2MSMkMSMkMiMkMDMkMzgxMzUxIzMxIyQxIyQzIyQ3MiQyNjE0ODEjODEjJDEjJDIjJDgz,조인약국,81,약국,340000,충남,340202,천안동남구,신부동,31123,"충청남도 천안시 동남구 만남로 34, (신부동, 선진빌딩)",041-563-6363,1968-09-11 00:00:00,127.155899,36.8185993
JDQ4MTYyMiM2MSMkMSMkMiMkMDMkMzgxNzAyIzIxIyQyIyQ1IyQwMCQ0NjE0ODEjNTEjJDEjJDIjJDgz,좋은아침약국,81,약국,340000,충남,340201,천안서북구,쌍용동,31174,"충청남도 천안시 서북구 충무로 175, 101호 (쌍용동)",041-576-5717,2012-03-12 00:00:00,127.1264579,36.7947993
JDQ4MTYyMiM2MSMkMSMkMiMkMDMkMzgxNzAyIzExIyQxIyQ3IyQ5OSQzNjE0ODEjNDEjJDEjJDQjJDgz,주차조은약국,81,약국,340000,충남,340202,천안동남구,봉명동,31151,"충청남도 천안시 동남구 봉명4길 10, 1, 2층 (봉명동)",041-907-7577,2025-04-30 00:00:00,127.1381369,36.804457
JDQ4MTYyMiM2MSMkMSMkMiMkMDMkNDgxMzUxIzMxIyQyIyQzIyQwMCQzNjE4MzIjNTEjJDEjJDIjJDgz,주차편한약국,81,약국,340000,충남,340202,천안동남구,봉명동,31151,"충청남도 천안시 동남구 봉명4길 15, 106동 상가동 27호, 30호 (봉명동, 봉명역센트럴시티아파트)",041-571-3233,2025-04-17 00:00:00,127.137713,36.804245
JDQ4MTYyMiM2MSMkMSMkMiMkMDMkNDgxMzUxIzQxIyQxIyQ3IyQ5OSQzNjE4MzIjODEjJDEjJDIjJDgz,중앙약국,81,약국,340000,충남,340201,천안서북구,,31156,"충청남도 천안시 서북구 불당21로 67-8, 118호 (불당동)",041-553-8934,2023-10-16 00:00:00,127.1082812,36.8132654
JDQ4MTYyMiM2MSMkMSMkMiMkMDMkMzgxMTkxIzMxIyQxIyQzIyQ5OSQzNjE4MzIjNjEjJDEjJDAjJDgz,중앙약국,81,약국,340000,충남,340202,천안동남구,북면,31243,"충청남도 천안시 동남구 북면 충절로 1481, (북면)",041-557-9415,2008-11-03 00:00:00,127.2716169,36.7708309
JDQ4MTYyMiM2MSMkMSMkMiMkMDMkNDgxMzUxIzIxIyQxIyQ5IyQwMyQzNjEyMjIjNjEjJDEjJDAjJDgz,지누약국,81,약국,340000,충남,340202,천안동남구,신부동,31119,"충청남도 천안시 동남구 터미널3길 5, 1층 (신부동)",041-562-7700,2021-07-27 00:00:00,127.1586367,36.8198442
JDQ4MTYyMiM2MSMkMSMkMiMkMDMkMzgxMTkxIzMxIyQxIyQzIyQ2MiQzNjEwMDIjNTEjJDEjJDIjJDgz,직산그린약국,81,약국,340000,충남,340201,천안서북구,직산읍,31037,"충청남도 천안시 서북구 직산읍 천안대로 1519-1, (직산읍)",041-584-5009,2004-10-22 00:00:00,127.1462737,36.8760342
JDQ4MTYyMiM2MSMkMSMkMiMkMDMkNDgxMzUxIzIxIyQxIyQxIyQ5OSQzNjEwMDIjNDEjJDEjJDQjJDgz,직산새봄약국,81,약국,340000,충남,340201,천안서북구,직산읍,31037,"충청남도 천안시 서북구 직산읍 삼은3길 45, 1층 102호",041-582-2736,2018-12-20 00:00:00,127.1536735,36.879769
JDQ4MTYyMiM2MSMkMSMkMiMkMDMkMzgxMTkxIzIxIyQxIyQ1IyQ3MiQ0NjEwMDIjNDEjJDEjJDQjJDgz,직산열린약국,81,약국,340000,충남,340201,천안서북구,직산읍,31037,"충청남도 천안시 서북구 직산읍 삼은3길 3, B동 102호",070-8614-2968,2019-10-23 00:00:00,127.1504935,36.877351
JDQ4MTYyMiM2MSMkMSMkMiMkMDMkMzgxMTkxIzIxIyQxIyQ1IyQ5OSQyNjEyMjIjNDEjJDEjJDgjJDgz,진약국,81,약국,340000,충남,340201,천안서북구,두정동,31099,"충청남도 천안시 서북구 늘푸른5길 22, 103호 (두정동, 골드프라자)",041-522-7582,2012-01-02 00:00:00,127.1296515,36.8273293
JDQ4MTYyMiM2MSMkMSMkMiMkMDMkMzgxMTkxIzExIyQxIyQzIyQ2MiQyNjEyMjIjNjEjJDEjJDgjJDgz,진주약국,81,약국,340000,충남,340201,천안서북구,쌍용동,31155,"충청남도 천안시 서북구 쌍용대로 43, (쌍용동)",577-6789,2013-07-22 00:00:00,127.1313323,36.8013293
JDQ4MTYyMiM2MSMkMSMkMiMkMDMkMzgxMTkxIzMxIyQxIyQ3IyQwMyQyNjE0ODEjNzEjJDEjJDgjJDgz,참사랑약국,81,약국,340000,충남,340201,천안서북구,성환읍,31009,"충청남도 천안시 서북구 성환읍 율금1길 291, (성환읍)",041-581-9977,2005-09-27 00:00:00,127.1106551,36.9040677
JDQ4MTYyMiM2MSMkMSMkMiMkMDMkMzgxNzAyIzIxIyQyIyQ1IyQwMCQ0NjEwMDIjNDEjJDEjJDgjJDgz,참사랑약국,81,약국,340000,충남,340202,천안동남구,사직동,31130,"충청남도 천안시 동남구 대흥로 127, 천안세브란스의원 (사직동)",041-551-8080,2020-06-19 00:00:00,127.1485189,36.8005598
JDQ4MTYyMiM2MSMkMSMkMiMkMDMkNDgxMzUxIzMxIyQyIyQzIyQwMCQ0NjE0ODEjNDEjJDEjJDgjJDgz,참약사맑은약국,81,약국,340000,충남,340202,천안동남구,청당동,31198,"충청남도 천안시 동남구 청수11로 11, 1층 (청당동)",041-522-8901,2022-01-11 00:00:00,127.1537221,36.7831608
JDQ4MTYyMiM2MSMkMSMkMiMkMDMkNDgxMzUxIzQxIyQxIyQ3IyQ3MiQzNjEwMDIjNTEjJDEjJDYjJDgz,참조은약국,81,약국,340000,충남,340201,천안서북구,쌍용동,31175,"충청남도 천안시 서북구 충무로 172, (쌍용동)",572-0002,2008-05-01 00:00:00,127.1264606,36.7939998
JDQ4MTYyMiM2MSMkMSMkMiMkMDMkNDgxMzUxIzMxIyQxIyQ3IyQ4OSQyNjE0ODEjNzEjJDEjJDgjJDgz,참좋은약국,81,약국,340000,충남,340202,천안동남구,신부동,31125,"충청남도 천안시 동남구 충절로 23-1, (신부동)",041-572-0002,2022-08-17 00:00:00,127.1586686,36.8169706
JDQ4MTYyMiM2MSMkMSMkMiMkMDMkMzgxMTkxIzQxIyQxIyQ3IyQ3OSQzNjE4MzIjNTEjJDEjJDIjJDgz,창가약국,81,약국,340000,충남,340202,천안동남구,성황동,31121,"충청남도 천안시 동남구 대흥로 323, (성황동, 건설노동자무료취업알선센터)",041-551-2747,2006-02-20 00:00:00,127.1505739,36.8166862
JDQ4MTYyMiM2MSMkMSMkMiMkMDMkMzgxMTkxIzUxIyQxIyQ1IyQxMyQzNjEwMDIjNjEjJDEjJDAjJDgz,천사온누리약국,81,약국,340000,충남,340202,천안동남구,신부동,31124,"충청남도 천안시 동남구 충절로 7, (신부동)",041-554-1033,2009-05-11 00:00:00,127.1585826,36.818304
JDQ4MTYyMiM2MSMkMSMkMiMkMDMkNDgxMzUxIzQxIyQxIyQ3IyQxMyQzNjEwMDIjNTEjJDEjJDIjJDgz,천안대학약국,81,약국,340000,충남,340202,천안동남구,봉명동,31151,"충청남도 천안시 동남구 순천향4길 54, 하나로약국 (봉명동)",041-571-9001,2024-06-03 00:00:00,127.1369147,36.8027087
JDQ4MTYyMiM2MSMkMSMkMiMkMDMkNDgxMzUxIzMxIyQxIyQ3IyQ3OSQzNjEwMDIjNDEjJDEjJDgjJDgz,천안대형약국,81,약국,340000,충남,340201,천안서북구,성정동,31110,"충청남도 천안시 서북구 성정공원3길 14, 프라지움 10차 1층 113호 (성정동)",041-902-1771,2025-05-20 00:00:00,127.1424235,36.8259158
JDQ4MTYyMiM2MSMkMSMkMiMkMDMkMzgxNzAyIzIxIyQxIyQxIyQ3OSQyNjEyMjIjNjEjJDEjJDQjJDgz,천안백제약국,81,약국,340000,충남,340201,천안서북구,불당동,31156,"충청남도 천안시 서북구 불당33길 26, 107, 108호 (불당동)",041-556-3705,2017-03-13 00:00:00,127.1078689,36.8124803
JDQ4MTYyMiM2MSMkMSMkMiMkMDMkNDgxMzUxIzQxIyQyIyQ3IyQwMCQzNjE4MzIjNjEjJDEjJDQjJDgz,천안부광약국,81,약국,340000,충남,340202,천안동남구,구성동,31194,"충청남도 천안시 동남구 충절로 276, 부광약국 (구성동)",041-567-6770,2018-09-18 00:00:00,127.159525,36.7942128
JDQ4MTYyMiM2MSMkMSMkMiMkMDMkMzgxNzAyIzUxIyQxIyQ1IyQwMyQyNjEyMjIjODEjJDEjJDIjJDgz,천안새봄약국,81,약국,340000,충남,340201,천안서북구,성정동,31110,"충청남도 천안시 서북구 성정공원3길 4, (성정동, 학산리젠다빌 3차)",041-622-7007,2017-03-21 00:00:00,127.1413382,36.8261598
JDQ4MTYyMiM2MSMkMSMkMiMkMDMkMzgxNzAyIzIxIyQxIyQ1IyQ3MiQyNjEyMjIjODEjJDEjJDIjJDgz,천안약국,81,약국,340000,충남,340202,천안동남구,삼룡동,31071,"충청남도 천안시 동남구 충절로 535-4, (삼룡동)",041-522-2411,2012-05-09 00:00:00,127.1783548,36.776641
JDQ4MTYyMiM2MSMkMSMkMiMkMDMkMzgxNzAyIzQxIyQxIyQ3IyQ5OSQyNjEyMjIjNDEjJDEjJDgjJDgz,천안제일약국,81,약국,340000,충남,340202,천안동남구,문화동,31128,"충청남도 천안시 동남구 버들로 41, 파리빌딩 101호 (문화동)",070-7787-1111,2024-05-29 00:00:00,127.1520352,36.807211
JDQ4MTYyMiM2MSMkMSMkMiMkMDMkNDgxMzUxIzIxIyQxIyQ1IyQ4OSQzNjEwMDIjODEjJDEjJDYjJDgz,천안종로약국,81,약국,340000,충남,340202,천안동남구,신부동,31120,"충청남도 천안시 동남구 터미널2로 27-1, 종로약국 (신부동)",041-556-9998,2019-03-30 00:00:00,127.1580131,36.8214464
JDQ4MTYyMiM2MSMkMSMkMiMkMDMkNDgxMzUxIzUxIyQxIyQ1IyQ3OSQzNjEwMDIjNDEjJDEjJDQjJDgz,천안주차장약국,81,약국,340000,충남,340201,천안서북구,쌍용동,31181,"충청남도 천안시 서북구 새말4길 43, 1층 (쌍용동)",070-4791-8242,2025-05-01 00:00:00,127.1319034,36.797225
JDQ4MTYyMiM2MSMkMSMkMiMkMDMkMzgxNzAyIzIxIyQxIyQ1IyQ3MiQzNjEwMDIjNTEjJDEjJDIjJDgz,천안태평양약국,81,약국,340000,충남,340202,천안동남구,신부동,31123,"충청남도 천안시 동남구 충절로 6, (신부동)",041-554-6320,2012-06-28 00:00:00,127.1579369,36.8184634
JDQ4MTYyMiM2MSMkMSMkMiMkMDMkMzgxNzAyIzQxIyQxIyQ3IyQ5MiQ0NjE0ODEjNzEjJDEjJDgjJDgz,천안휴게소약국,81,약국,340000,충남,340202,천안동남구,삼룡동,31070,"충청남도 천안시 동남구 쉼1길 42, 천안삼거리휴게소 2동 (삼룡동)",041-558-3380,2009-02-25 00:00:00,127.173763,36.7870722
JDQ4MTYyMiM2MSMkMSMkMiMkMDMkNDgxMzUxIzMxIyQxIyQ3IyQ5OSQ0NjEwMDIjODEjJDEjJDIjJDgz,청담약국,81,약국,340000,충남,340201,천안서북구,불당동,31156,"충청남도 천안시 서북구 불당33길 22, 고은타워 (불당동)",041-555-3206,2019-02-01 00:00:00,127.1081329,36.8119601
JDQ4MTYyMiM2MSMkMSMkMiMkMDMkMzgxMzUxIzMxIyQyIyQzIyQwMCQzNjE4MzIjNDEjJDEjJDgjJDgz,청당약국,81,약국,340000,충남,340202,천안동남구,청당동,31198,"충청남도 천안시 동남구 청수14로 68, 105호 (청당동)",041-552-2906,2023-11-29 00:00:00,127.1539816,36.784412
JDQ4MTYyMiM2MSMkMSMkMiMkMDMkNDgxMzUxIzIxIyQxIyQxIyQ2MiQyNjEyMjIjNDEjJDEjJDQjJDgz,청수온누리약국,81,약국,340000,충남,340202,천안동남구,청수동,31189,"충청남도 천안시 동남구 풍세로 1008, 진정형외과 1층 (청수동)",041-566-7565,2020-06-01 00:00:00,127.1530002,36.7971762
JDQ4MTYyMiM2MSMkMSMkMiMkMDMkNDgxMzUxIzMxIyQxIyQ3IyQ4MiQzNjEwMDIjNjEjJDEjJDAjJDgz,청아약국,81,약국,340000,충남,340202,천안동남구,청당동,31211,"충청남도 천안시 동남구 청당5로 36, 104호 (청당동)",0507-1368-4930,2023-02-24 00:00:00,127.1527083,36.7803051
JDQ4MTYyMiM2MSMkMSMkMiMkMDMkNDgxMzUxIzMxIyQxIyQzIyQwMyQ0NjEwMDIjNjEjJDEjJDQjJDgz,청춘약국,81,약국,340000,충남,340201,천안서북구,불당동,31156,"충청남도 천안시 서북구 불당25로 176, 율곡스퀘어 144호,145호 (불당동)",041-566-7301,2019-03-28 00:00:00,127.1091268,36.8162381
JDQ4MTYyMiM2MSMkMSMkMiMkMDMkMzgxMTkxIzExIyQxIyQzIyQxMyQzNjE4MzIjNTEjJDEjJDYjJDgz,충무건강약국,81,약국,340000,충남,340201,천안서북구,쌍용동,31181,"충청남도 천안시 서북구 새말4길 46, (쌍용동)",041-575-4587,2014-09-22 00:00:00,127.1321121,36.7975258
JDQ4MTYyMiM2MSMkMSMkMiMkMDMkMzgxMzUxIzMxIyQxIyQzIyQ5MiQyNjE0ODEjNTEjJDEjJDIjJDgz,충무로약국,81,약국,340000,충남,340201,천안서북구,쌍용동,31181,"충청남도 천안시 서북구 새말3길 15, (쌍용동, 쌍용극동아파트)",041-578-9391,1973-04-24 00:00:00,127.1318342,36.7962546
JDQ4MTYyMiM2MSMkMSMkMiMkMDMkMzgxOTYxIzUxIyQxIyQxIyQ2MiQyNjEwMDIjNTEjJDEjJDYjJDgz,충무정문약국,81,약국,340000,충남,340201,천안서북구,,31181,"충청남도 천안시 서북구 새말4길 48, (쌍용동)",041-573-5008,2012-01-11 00:00:00,127.1319727,36.7976546
JDQ4MTYyMiM2MSMkMSMkMiMkMDMkMzgxMTkxIzIxIyQxIyQxIyQ4OSQzNjE4MzIjODEjJDEjJDIjJDgz,충무한사랑약국,81,약국,340000,충남,340201,천안서북구,쌍용동,31181,"충청남도 천안시 서북구 다가말3길 2, (쌍용동)",041-576-7585,2011-11-08 00:00:00,127.1310663,36.7973864
JDQ4MTYyMiM2MSMkMSMkMiMkMDMkMzgxOTYxIzUxIyQxIyQ1IyQ5MiQzNjEyMjIjNTEjJDEjJDIjJDgz,충청약국,81,약국,340000,충남,340202,천안동남구,신방동,31176,"충청남도 천안시 동남구 서부대로 227, (신방동, 예은빌딩)",041-571-8975,2003-09-01 00:00:00,127.1284603,36.7886121
JDQ4MTYyMiM2MSMkMSMkMiMkMDMkNDgxMzUxIzMxIyQxIyQzIyQ3MiQ0NjEwMDIjNTEjJDEjJDYjJDgz,친절한약국,81,약국,340000,충남,340202,천안동남구,봉명동,31151,"충청남도 천안시 동남구 천안여상로 27, 1층 (봉명동)",041-900-8001,2025-05-07 00:00:00,127.1352675,36.8044821
JDQ4MTYyMiM2MSMkMSMkMiMkMDMkNDgxMzUxIzIxIyQxIyQxIyQxMyQzNjE0ODEjNTEjJDEjJDIjJDgz,캐럿21약국,81,약국,340000,충남,340202,천안동남구,신부동,31123,"충청남도 천안시 동남구 만남로 6, 1층 1048~1051,1061,1062,1089,1090,1102,1103,1122,1133호 (신부동)",041-556-9178,2019-08-28 00:00:00,127.1527477,36.8184577
JDQ4MTYyMiM2MSMkMSMkMiMkMDMkMzgxMTkxIzExIyQxIyQzIyQ4MiQzNjEyMjIjNTEjJDEjJDYjJDgz,코끼리약국,81,약국,340000,충남,340201,천안서북구,불당동,31163,"충청남도 천안시 서북구 불당17길 27, (불당동)",041-522-0589,2006-02-28 00:00:00,127.1108675,36.809749
JDQ4MTYyMiM2MSMkMSMkMiMkMDMkNDgxMzUxIzUxIyQxIyQ1IyQ4OSQzNjE4MzIjNTEjJDEjJDYjJDgz,코보약국,81,약국,340000,충남,340201,천안서북구,쌍용동,31155,"충청남도 천안시 서북구 쌍용대로 79, 천일빌딩 1층 (쌍용동)",041-571-1911,2025-06-10 00:00:00,127.1318899,36.8046835
JDQ4MTYyMiM2MSMkMSMkMiMkMDMkMzgxOTYxIzQxIyQxIyQ3IyQ4MiQyNjE4MzIjODEjJDEjJDIjJDgz,큰사랑약국,81,약국,340000,충남,340201,천안서북구,쌍용동,31166,"충청남도 천안시 서북구 월봉로 122, (쌍용동)",041-578-2383,2003-08-27 00:00:00,127.1188958,36.8014806
JDQ4MTYyMiM2MSMkMSMkMiMkMDMkNDgxMzUxIzIxIyQxIyQ1IyQ5MiQ0NjE0ODEjNzEjJDEjJDgjJDgz,터미널스타약국,81,약국,340000,충남,340202,천안동남구,신부동,31120,"충청남도 천안시 동남구 만남로 43, 신세계백화점충청점이마트 본관1동 1층 (신부동)",041-522-8772,2020-06-11 00:00:00,127.1563472,36.820513
JDQ4MTYyMiM2MSMkMSMkMiMkMDMkNDgxMzUxIzUxIyQxIyQ1IyQ4OSQzNjE0ODEjODEjJDEjJDYjJDgz,토마스온누리약국,81,약국,340000,충남,340201,천안서북구,불당동,31156,"충청남도 천안시 서북구 불당24로 51, (불당동)",041-523-3017,2019-04-03 00:00:00,127.1077338,36.8222722
JDQ4MTYyMiM2MSMkMSMkMiMkMDMkMzgxNzAyIzExIyQxIyQzIyQ5OSQzNjE0ODEjNTEjJDEjJDYjJDgz,튼튼약국,81,약국,340000,충남,340201,천안서북구,백석동,31097,"충청남도 천안시 서북구 한들2로 8, (백석동)",041-561-7524,2016-11-01 00:00:00,127.1188787,36.8236078
JDQ4MTYyMiM2MSMkMSMkMiMkMDMkMzgxMTkxIzMxIyQxIyQzIyQ2MiQzNjE0ODEjNjEjJDEjJDAjJDgz,튼튼약국,81,약국,340000,충남,340201,천안서북구,성거읍,31046,"충청남도 천안시 서북구 성거읍 성거길 89, (성거읍)",041-522-0822,2006-01-24 00:00:00,127.201064,36.8733963
JDQ4MTYyMiM2MSMkMSMkMiMkMDMkMzgxMzUxIzMxIyQxIyQzIyQ5MiQzNjEwMDIjNTEjJDEjJDYjJDgz,평화약국,81,약국,340000,충남,340202,천안동남구,신방동,31184,"충청남도 천안시 동남구 일봉로 8, (신방동, 학산빌딩)",041-574-2443,1997-04-02 00:00:00,127.1294022,36.7933496
JDQ4MTYyMiM2MSMkMSMkMiMkMDMkNDgxMzUxIzUxIyQyIyQ1IyQwMCQ0NjE0ODEjNjEjJDEjJDgjJDgz,푸른약국,81,약국,340000,충남,340201,천안서북구,쌍용동,31171,"충청남도 천안시 서북구 월봉로 85, (쌍용동)",041-572-0331,2008-06-09 00:00:00,127.1179218,36.7983646
JDQ4MTYyMiM2MSMkMSMkMiMkMDMkMzgxNzAyIzUxIyQxIyQxIyQ4OSQzNjE4MzIjNDEjJDEjJDgjJDgz,풍세서울약국,81,약국,340000,충남,340202,천안동남구,풍세면,31217,"충청남도 천안시 동남구 풍세면 풍년길 46-1, (풍세면)",041-551-8002,2018-09-27 00:00:00,127.1193933,36.7223582
JDQ4MTYyMiM2MSMkMSMkMiMkMDMkNDgxMzUxIzIxIyQxIyQ1IyQ4MiQzNjEyMjIjNTEjJDEjJDYjJDgz,풍세일번약국,81,약국,340000,충남,340202,천안동남구,풍세면,31217,"충청남도 천안시 동남구 풍세면 풍세산단로 287, 1층 105호",041-523-4947,2024-12-06 00:00:00,127.1063343,36.7262638
JDQ4MTYyMiM2MSMkMSMkMiMkMDMkNDgxMzUxIzExIyQyIyQzIyQwMCQzNjE4MzIjNDEjJDEjJDgjJDgz,프라자약국,81,약국,340000,충남,340201,천안서북구,두정동,31099,"충청남도 천안시 서북구 동서대로 65, (두정동, 두정이진병원,이수병원)",041-561-8119,2017-08-01 00:00:00,127.1305984,36.8261086
JDQ4MTYyMiM2MSMkMSMkMiMkMDMkMzgxMTkxIzIxIyQxIyQ1IyQ5MiQzNjE4MzIjODEjJDEjJDIjJDgz,플러스약국,81,약국,340000,충남,340201,천안서북구,두정동,31103,"충청남도 천안시 서북구 봉정로 370, 104호 (두정동, 태조프라자빌딩)",041-523-2688,2010-07-01 00:00:00,127.1458515,36.8350948
JDQ4MTYyMiM2MSMkMSMkMiMkMDMkMzgxOTYxIzMxIyQxIyQzIyQ3MiQ0NjEwMDIjNzEjJDEjJDgjJDgz,하나로약국,81,약국,340000,충남,340201,천안서북구,직산읍,31037,"충청남도 천안시 서북구 직산읍 직산로 31, (직산읍)",041-583-5475,2003-02-18 00:00:00,127.1537364,36.880118
JDQ4MTYyMiM2MSMkMSMkMiMkMDMkNDgxMzUxIzQxIyQxIyQ3IyQ3OSQzNjE0ODEjODEjJDEjJDYjJDgz,하나약국,81,약국,340000,충남,340201,천안서북구,불당동,31163,"충청남도 천안시 서북구 검은들3길 46, 110호 (불당동)",041-569-3488,2019-09-06 00:00:00,127.1086804,36.8106149
JDQ4MTYyMiM2MSMkMSMkMiMkMDMkNDgxMzUxIzIxIyQyIyQ1IyQwMCQyNjE4MzIjNzEjJDEjJDgjJDgz,하나팜약국,81,약국,340000,충남,340201,천안서북구,쌍용동,31173,"충청남도 천안시 서북구 불당대로 260, 105호 (쌍용동, 하이렉스타운)",041-571-9799,2005-03-05 00:00:00,127.1245364,36.799774
JDQ4MTYyMiM2MSMkMSMkMiMkMDMkNDgxMzUxIzUxIyQxIyQxIyQ4OSQzNjEwMDIjNDEjJDEjJDgjJDgz,하늘약국,81,약국,340000,충남,340202,천안동남구,청당동,31198,"충청남도 천안시 동남구 청수4로 10, 104호 (청당동)",041-551-3260,2018-01-08 00:00:00,127.1529449,36.7827604
JDQ4MTYyMiM2MSMkMSMkMiMkMDMkMzgxMTkxIzUxIyQxIyQ1IyQ5OSQzNjEwMDIjNTEjJDEjJDYjJDgz,하늘약국,81,약국,340000,충남,340201,천안서북구,성거읍,31046,"충청남도 천안시 서북구 성거읍 성거길 81, (성거읍)",041-622-4803,2007-12-26 00:00:00,127.200824,36.8727307
JDQ4MTYyMiM2MSMkMSMkMiMkMDMkMzgxNzAyIzIxIyQxIyQxIyQ4MiQyNjEyMjIjODEjJDEjJDYjJDgz,하늘약국,81,약국,340000,충남,340201,천안서북구,성정동,31141,"충청남도 천안시 서북구 쌍용대로 188, (성정동)",041-572-2266,2012-12-24 00:00:00,127.1348034,36.8140792
JDQ4MTYyMiM2MSMkMSMkMiMkMDMkMzgxMTkxIzExIyQxIyQzIyQ4MiQzNjEwMDIjNjEjJDEjJDQjJDgz,하늘조은약국,81,약국,340000,충남,340201,천안서북구,성정동,31108,"충청남도 천안시 서북구 동서대로 119, (성정동)",041-579-1001,2018-04-30 00:00:00,127.1365867,36.8262859
JDQ4MTYyMiM2MSMkMSMkMiMkMDMkNDgxMzUxIzIxIyQxIyQ1IyQxMyQzNjEwMDIjNzEjJDEjJDgjJDgz,하은약국,81,약국,340000,충남,340201,천안서북구,불당동,31156,"충청남도 천안시 서북구 불당25로 182, 1층 109호 (불당동)",041-621-0907,2020-07-30 00:00:00,127.1087019,36.8173065
JDQ4MTYyMiM2MSMkMSMkMiMkMDMkMzgxNzAyIzIxIyQxIyQ1IyQxMyQyNjE0ODEjNDEjJDEjJDgjJDgz,학산약국,81,약국,340000,충남,340201,천안서북구,두정동,31090,"충청남도 천안시 서북구 서부대로 731, 101호 (두정동)",041-554-1808,2012-08-30 00:00:00,127.1331366,36.8323889
JDQ4MTYyMiM2MSMkMSMkMiMkMDMkNDgxMzUxIzIxIyQxIyQxIyQxMyQyNjE0ODEjNDEjJDEjJDQjJDgz,한들약국,81,약국,340000,충남,340201,천안서북구,차암동,31085,"충청남도 천안시 서북구 3공단6로 58-8, 207호 (차암동)",041-569-8357,2019-08-08 00:00:00,127.1040302,36.8409674
JDQ4MTYyMiM2MSMkMSMkMiMkMDMkNDgxMzUxIzQxIyQxIyQ3IyQ2MiQyNjE4MzIjNDEjJDEjJDQjJDgz,한사랑약국,81,약국,340000,충남,340202,천안동남구,안서동,31116,"충청남도 천안시 동남구 망향로 181, 1층 (안서동)",041-555-0470,2018-04-02 00:00:00,127.1741036,36.8394395
JDQ4MTYyMiM2MSMkMSMkMiMkMDMkMzgxMTkxIzMxIyQxIyQzIyQwMyQzNjE4MzIjODEjJDEjJDIjJDgz,한성약국,81,약국,340000,충남,340201,천안서북구,두정동,31105,"충청남도 천안시 서북구 두정로 244, (두정동)",041-552-4985,2005-03-08 00:00:00,127.1441236,36.8330935
JDQ4MTYyMiM2MSMkMSMkMiMkMDMkMzgxNzAyIzIxIyQxIyQ1IyQ3MiQyNjEwMDIjNDEjJDEjJDQjJDgz,한솔약국,81,약국,340000,충남,340201,천안서북구,두정동,31099,"충청남도 천안시 서북구 늘푸른6길 41, 상가동 113호 (두정동)",041-553-8873,2012-05-07 00:00:00,127.1319545,36.8291985
JDQ4MTYyMiM2MSMkMSMkMiMkMDMkMzgxMTkxIzExIyQxIyQ3IyQ4OSQzNjEyMjIjNTEjJDEjJDYjJDgz,한아름약국,81,약국,340000,충남,340201,천안서북구,직산읍,31037,"충청남도 천안시 서북구 직산읍 봉주로 51, (직산읍)",041-583-0355,2006-07-27 00:00:00,127.152227,36.8775039
JDQ4MTYyMiM2MSMkMSMkMiMkMDMkMzgxNzAyIzMxIyQxIyQzIyQ3OSQzNjEyMjIjNzEjJDEjJDgjJDgz,한얼약국,81,약국,340000,충남,340201,천안서북구,성정동,31108,"충청남도 천안시 서북구  동서대로 125-3, (성정동)",041-621-7757,2013-10-01 00:00:00,127.1370408,36.8261479
JDQ4MTYyMiM2MSMkMSMkMiMkMDMkMzgxNzAyIzIxIyQxIyQxIyQxMyQ0NjE0ODEjNDEjJDEjJDQjJDgz,한울약국,81,약국,340000,충남,340202,천안동남구,청당동,31211,"충청남도 천안시 동남구 남부대로 322, 1층 (청당동)",041-563-5005,2019-08-26 00:00:00,127.1528517,36.7813351
JDQ4MTYyMiM2MSMkMSMkMiMkMDMkMzgxOTYxIzIxIyQxIyQ5IyQ4OSQzNjEwMDIjODEjJDEjJDYjJDgz,한일섭약국,81,약국,340000,충남,340202,천안동남구,문화동,31128,"충청남도 천안시 동남구 버들로 23, (문화동)",041-554-2442,1994-11-29 00:00:00,127.150504,36.808406
JDQ4MTYyMiM2MSMkMSMkMiMkMDMkMzgxMzUxIzMxIyQxIyQ3IyQ5MiQyNjE4MzIjNTEjJDEjJDYjJDgz,해누리약국,81,약국,340000,충남,340202,천안동남구,신부동,31118,"충청남도 천안시 동남구 방죽안3길 19, (신부동)",041-555-5705,2015-04-15 00:00:00,127.1543462,36.8228425
JDQ4MTYyMiM2MSMkMSMkMiMkMDMkNDgxMzUxIzUxIyQxIyQ1IyQwMyQyNjE4MzIjNDEjJDEjJDgjJDgz,해맑은 약국,81,약국,340000,충남,340201,천안서북구,쌍용동,31175,"충청남도 천안시 서북구 충무로 174, (쌍용동)",,2007-07-12 00:00:00,127.1267499,36.7940774
JDQ4MTYyMiM2MSMkMSMkMiMkMDMkMzgxNzAyIzExIyQxIyQ3IyQ5MiQzNjE4MzIjNDEjJDEjJDgjJDgz,햇살약국,81,약국,340000,충남,340201,천안서북구,쌍용동,31155,"충청남도 천안시 서북구 미라3길 12-2, (쌍용동)",575-3570,2010-05-18 00:00:00,127.1308952,36.8004295
JDQ4MTYyMiM2MSMkMSMkMiMkMDMkMzgxNzAyIzMxIyQxIyQ3IyQ4MiQzNjE4MzIjNjEjJDEjJDQjJDgz,행복약국,81,약국,340000,충남,340201,천안서북구,직산읍,31037,"충청남도 천안시 서북구 직산읍 삼은3길 4, 제1동호",041-584-0341,2015-03-23 00:00:00,127.1508367,36.8772983
JDQ4MTYyMiM2MSMkMSMkMiMkMDMkMzgxOTYxIzExIyQxIyQ3IyQ2MiQ0NjE0ODEjNjEjJDEjJDgjJDgz,행복한약국,81,약국,340000,충남,340201,천안서북구,두정동,31101,"충청남도 천안시 서북구 두정중2길 4, (두정동)",041-552-6600,2004-08-23 00:00:00,127.1402171,36.833824
JDQ4MTYyMiM2MSMkMSMkMiMkMDMkMzgxMTkxIzIxIyQxIyQxIyQ3MiQzNjE0ODEjNTEjJDEjJDIjJDgz,허브약국,81,약국,340000,충남,340201,천안서북구,쌍용동,31175,"충청남도 천안시 서북구 충무로 130, 104호 (쌍용동, 환산빌딩)",041-576-6131,2007-04-18 00:00:00,127.1220087,36.7925153
JDQ4MTYyMiM2MSMkMSMkMiMkMDMkMzgxNzAyIzIxIyQxIyQ5IyQ5OSQzNjEwMDIjNzEjJDEjJDgjJDgz,현대약국,81,약국,340000,충남,340202,천안동남구,구성동,31192,"충청남도 천안시 동남구 구성1길 1, (구성동, 호경빌딩)",041-551-2462,2016-12-26 00:00:00,127.1600494,36.7945992
JDQ4MTYyMiM2MSMkMSMkMiMkMDMkNDgxMzUxIzUxIyQxIyQ1IyQwMyQzNjEwMDIjODEjJDEjJDIjJDgz,혜광약국,81,약국,340000,충남,340201,천안서북구,백석동,31158,"충청남도 천안시 서북구 백석4길 3, (백석동)",041-554-1555,2010-08-02 00:00:00,127.1246053,36.8225714
JDQ4MTYyMiM2MSMkMSMkMiMkMDMkMzgxNzAyIzIxIyQxIyQ1IyQ4OSQyNjE0ODEjNTEjJDEjJDIjJDgz,혜민원한약국,81,약국,340000,충남,340201,천안서북구,불당동,31156,"충청남도 천안시 서북구 불당25로 178, 202호 (불당동)",041-557-5210,2007-06-13 00:00:00,127.1086065,36.8169717
JDQ4MTYyMiM2MSMkMSMkMiMkMDMkNDgxMzUxIzExIyQxIyQzIyQ3MiQ0NjE0ODEjNTEjJDEjJDYjJDgz,호수약국,81,약국,340000,충남,340202,천안동남구,안서동,31116,"충청남도 천안시 동남구 천호지길 27, 1층 (안서동)",041-554-5886,2017-09-06 00:00:00,127.1732841,36.8360357
JDQ4MTYyMiM2MSMkMSMkMiMkMDMkNDgxMzUxIzUxIyQxIyQxIyQ2MiQzNjE0ODEjNjEjJDEjJDAjJDgz,화신약국,81,약국,340000,충남,340202,천안동남구,봉명동,31151,"충청남도 천안시 동남구 순천향4길 60, 1층 (봉명동)",041-572-5556,2022-02-15 00:00:00,127.1373576,36.8028947
JDQ4MTYyMiM2MSMkMSMkMiMkMDMkMzgxNzAyIzQxIyQxIyQ3IyQ3OSQyNjE4MzIjNjEjJDEjJDQjJDgz,활기찬약국,81,약국,340000,충남,340202,천안동남구,신방동,31205,"충청남도 천안시 동남구 통정11로 61, 1층 101호 (신방동)",041-572-2119,2015-07-16 00:00:00,127.1338518,36.7736712
JDQ4MTYyMiM2MSMkMSMkMiMkMDMkMzgxMTkxIzExIyQxIyQ3IyQ3OSQyNjEwMDIjNjEjJDEjJDQjJDgz,희망약국,81,약국,340000,충남,340201,천안서북구,쌍용동,31154,"충청남도 천안시 서북구 쌍용대로 8, (쌍용동)",041-576-9700,2015-04-20 00:00:00,127.1310484,36.7981661
JDQ4MTYyMiM2MSMkMSMkMiMkMDMkMzgxNzAyIzMxIyQyIyQ3IyQwMCQzNjE0ODEjODEjJDEjJDYjJDgz,힐링약국,81,약국,340000,충남,340201,천안서북구,차암동,31085,"충청남도 천안시 서북구 3공단6로 58-5, (차암동)",041-552-4875,2014-11-12 00:00:00,127.1047956,36.8413395
JDQ4MTYyMiM2MSMkMSMkMiMkMDMkNDgxMzUxIzIxIyQxIyQ5IyQ3MiQzNjE0ODEjNjEjJDEjJDgjJDgz,힘찬약국,81,약국,340000,충남,340202,천안동남구,신부동,31120,"충청남도 천안시 동남구 터미널9길 50, 에이스빌딩 1층 (신부동)",041-551-0414,2019-12-27 00:00:00,127.1579634,36.8228004
